Tibialis Anterior Mean,Lateral Gastrocnemius Mean,Medial Gastrocnemius Mean,Soleus Mean,Peroneus Longus Mean,Peroneus Brevis Mean,Tibialis Anterior Max,Lateral Gastrocnemius Max,Medial Gastrocnemius Max,Soleus Max,Peroneus Longus Max,Peroneus Brevis Max,Tibialis Anterior Var,Lateral Gastrocnemius Var,Medial Gastrocnemius Var,Soleus Var,Peroneus Longus Var,Peroneus Brevis Var,Tibialis Anterior Kurtosis,Lateral Gastrocnemius Kurtosis,Medial Gastrocnemius Kurtosis,Soleus Kurtosis,Peroneus Longus Kurtosis,Peroneus Brevis Kurtosis,Tibialis Anterior Skew,Lateral Gastrocnemius Skew,Medial Gastrocnemius Skew,Soleus Skew,Peroneus Longus Skew,Peroneus Brevis Skew,Tibialis Anterior MAV,Lateral Gastrocnemius MAV,Medial Gastrocnemius MAV,Soleus MAV,Peroneus Longus MAV,Peroneus Brevis MAV,Tibialis Anterior RMS,Lateral Gastrocnemius RMS,Medial Gastrocnemius RMS,Soleus RMS,Peroneus Longus RMS,Peroneus Brevis RMS,Tibialis Anterior ZCR,Lateral Gastrocnemius ZCR,Medial Gastrocnemius ZCR,Soleus ZCR,Peroneus Longus ZCR,Peroneus Brevis ZCR,Tibialis Anterior Mean Frequency,Lateral Gastrocnemius Mean Frequency,Medial Gastrocnemius Mean Frequency,Soleus Mean Frequency,Peroneus Longus Mean Frequency,Peroneus Brevis Mean Frequency,Tibialis Anterior 95% Power Frequency,Lateral Gastrocnemius 95% Power Frequency,Medial Gastrocnemius 95% Power Frequency,Soleus 95% Power Frequency,Peroneus Longus 95% Power Frequency,Peroneus Brevis 95% Power Frequency
0.5593209997158899,0.12232537040158291,0.11413520804903397,-0.2007846498158794,0.2583516184393677,-0.07131479571676265,0.20658407689151861,-0.549621872521974,-0.43386209190705644,-1.023916765622346,-0.35112424362143474,-1.0613978040146075,-0.1217240893865198,-0.1539577807594283,-0.2397865120546383,-0.6326166761842023,-0.3278968873393175,-0.6453295639621629,0.21778685326117145,-0.6292886445254829,-0.579752802115049,-0.8646148423716151,-0.16993923898777719,-0.22568593093547762,0.39361921239402137,0.2060011374186827,-0.4296053441549581,-0.723916088427972,0.09301454945922694,-0.7098326834926819,-0.45094626487110645,-0.1377244929003116,-0.2597251674720173,-0.1326851710183395,-0.2583516184393677,-0.7303008762870887,-0.1045094278811499,-0.30449083852863607,-0.2753265583244705,-0.6628373522916664,-0.29173232470781923,-0.7508222782845877,-0.07392825493242014,-0.20375726592241034,-0.2568023932030274,-0.7200140507987773,0.0,-0.841570810414981,0.6618799350486003,-0.29335454376132664,-1.092606030440215,-0.5597035616978617,-0.6813922894730104,-1.4076132284888943,0.1522189670355598,-1.1376113538499122,-0.1641459287014842,-1.1996057606173194,-0.48086057363294865,-0.7973633621003123
-0.23311490249980876,-0.011669655188940326,0.14942433226916935,-0.6020743021688663,-0.030630194974219697,-0.1362146751545778,-1.2827825331967804,-0.5202618585491121,-0.43855856470190147,-0.6824577299631679,0.025753648743893392,-1.1529267280348745,-0.8531710025376115,-0.0011421823175821045,-0.2381257622106511,-0.39280395201898666,-0.2699902263149677,-0.6616291344522834,-0.881256639514231,-0.6293108414581139,-0.6126365716981894,-0.8542026122442161,0.10064227991365053,-0.2352630525769976,0.9087709491546132,0.10082300028969096,-0.44855999503653593,-0.6487094361753167,-0.041694892650471806,-0.6064621771434379,-0.6552784348391043,-0.005628629418891182,-0.2712663734185207,0.1788471504393513,0.030630194974219697,-0.7288341060088503,-0.9007321769065888,0.008860627179506147,-0.2779801042460209,-0.25378634209527146,-0.06293487818220528,-0.7789978331659181,-0.7996043769684448,-0.20375726592241034,-0.2568023932030274,-0.7200140507987773,0.0,-0.841570810414981,2.336146722981018,-0.2917248392642926,-1.1026413410601068,-0.5541783738681896,1.056457505793626,-0.12498593163399462,2.7077935416890617,-1.137744783447287,0.7190046558128271,-1.0271110770326521,0.2667626833031485,2.2294625015069833
1.9071663915974122,1.7052946490251601,1.7100386499470586,1.555159379066745,2.040564248313208,1.9339390638936178,-1.2225559778020636,-0.42484130125833475,-0.5888463764780144,-0.9280013021591627,-1.1676896034091677,-1.1434479925676244,-0.8535098394279185,0.9765167633241879,-0.24153817441816056,1.152153183007138,-1.0866666095877586,-0.6623948958359991,5.927740456945013,-0.7192066619798856,-0.8098235961407233,-0.9786485411603749,1.1614321656565125,-0.21993919053385055,-2.47752274144002,0.1097720866819621,-0.7164462007310768,-0.7269520612988462,1.4918772318553255,-0.608389529221281,-0.9972072205513054,-1.6982577500328917,-0.7816607694660556,-1.4958733730066303,-2.040564248313208,-0.7756206332277402,-1.009287884010812,0.02869265889467806,-0.4968528374478816,0.8365685013282415,-1.8377286510156765,-0.8103574924443977,-0.7996043769684448,-0.20375726592241034,-0.2568023932030274,-0.7200140507987773,0.0,-0.841570810414981,-1.649629209051878,-0.294800212014503,-1.1459964744433817,-0.560758720431916,-2.1078165900453665,-1.5210924963634003,2.646779820255802,-1.139898149508826,-0.24824383503148917,-1.2018966376597164,-0.20683951709325102,2.727813849510112
-0.1475598481695356,-0.04760927592274464,-0.1680764843710001,-0.8668012355252954,-0.12650866679264033,-0.14458066480869394,-1.2516063897529253,-0.6230222487067857,-0.5137024842367828,-0.7189055788774604,-0.13127904976574586,-1.160035765863925,-0.8513390702489927,-0.005154319561739297,-0.22574429273041413,-0.3776246690842694,-0.26728215860151183,-0.6606835931145069,-0.8554069130472381,-0.6260726435305296,-0.6398292466420316,-0.809145774723999,0.6404994330406235,-0.23638485767532869,0.3188777544332651,0.006511971715867902,-0.37813839168849667,-0.5942691347945206,0.09982318771605961,-0.6633387819533959,-0.668946608232654,0.029801605495459293,-0.1674286502104054,0.3843620338093309,0.12650866679264033,-0.7286450303883869,-0.9028668910770853,0.03114016284100929,-0.21809919491815957,-0.1506998663857294,0.007596614310648243,-0.777176920496736,-0.7996043769684448,-0.20375726592241034,-0.2568023932030274,-0.7200140507987773,0.0,-0.841570810414981,2.7556706305243224,-0.2917466475325309,-0.792308238018348,-0.5543086727874944,0.20536507718187688,-0.1223692607642082,2.3150531948934225,-1.1373458124946674,0.5953314685058377,-0.8625510475672918,-0.04451678491056353,1.826564690444175
-1.2716569387357934,-1.11705936829475,-1.064226200876468,-0.4852758118456476,-1.096657359807466,-0.9126516801487394,-0.8193925198309323,-0.02480940461481685,-0.1591172051947014,2.045377953717057,1.2191969008969517,0.03132116282385655,-0.744139535459549,-1.2519835280339284,-0.19051031603189614,0.4312843144054086,1.5384793893255577,-0.2997537718979281,0.1768896607185667,0.5530353254991635,-0.18348708611766842,1.5517261626516035,-1.1898028210570475,-0.12654690292566984,-1.0172775212076903,0.9854717552226082,1.1929637815901772,1.6967572561703708,-1.468345082066738,0.19357643505581054,-0.48936219834224115,1.084093977765107,0.12649997422174467,1.1997903619794053,1.096657359807466,-0.2145321330096004,-0.7198225690989962,-0.8512258061840157,-0.049633250411183126,0.6577194210353575,1.292573833279048,-0.201702713226313,-0.7996043769684448,-0.20375726592241034,-0.22501991879671213,1.898218861196777,0.0,-0.32037133631425485,-1.0711922831294782,-0.2588404273044212,1.412592871640567,2.5500048292662543,0.2003754448411529,-0.07198101571329912,-0.7944837820731905,1.2568726155768593,0.3067104668635292,1.1741968763695496,-0.8106921241440389,-1.408375479348379
0.5786249106417619,0.8669604745562568,0.6465945360506983,0.8243859857790675,0.5537071081194093,0.7894309381267242,1.0809314687933134,-0.36245093031334275,0.2330400199679988,-0.6747844821837985,-1.3875347972648537,-1.0477721424375157,0.44125707234088846,0.5146619227510715,-0.1199330519896265,0.5460559619297699,-1.064293894728307,-0.633201782678324,-0.04303142033716102,-0.6543418475687011,5.417097918484279,-0.8727036016443347,0.9244105659247829,-0.22930501999365824,0.30426263834752165,0.07511506526237645,-1.8435054075508943,-0.7021031477487568,1.2679416535491952,-0.6854977049030149,0.049111079131400906,-0.8718056024668581,-0.38950810511711975,-0.9285536568476701,-0.5537071081194093,-0.7497541675791294,0.4903341633593135,0.03855398223874809,-0.19025363062340298,0.37346118886340746,-0.7471746024049407,-0.7415754382950459,0.370548369814645,-0.20375726592241034,0.09280482526644061,-0.7200140507987773,0.0,-0.841570810414981,-0.4162148865812995,-0.29339693309138254,-0.10865719563486184,-0.5572426102072595,-0.8925363131464672,-1.415804485728495,-0.4361226681188732,-1.1383377393445449,0.22298437389689285,-1.137377378269944,0.16913863000920593,-0.9288640430023271
-1.2785280201150147,-1.0459742299927899,-1.4506860611303836,-1.1491413327996378,-1.224034112868856,-1.296140803977503,-0.5380992116817543,-0.27437054714210474,-0.5160507206342025,-0.5539309968824008,0.057159896416915504,1.074573352491476,-0.6101965711795052,-0.9801403372602295,-0.2537279420906051,-1.282626944883969,0.1748966521590655,0.5266865215947718,-0.5141041441601392,0.007151001775132182,-0.5849472306857877,0.3480081172831726,-0.33654343141116,-0.18702793015594493,0.5360435527651152,-0.11503115701984215,-0.30041363111619623,-1.119044543599512,-0.31950686460925953,-0.2402976086289539,-0.4859339689751275,1.0140163559779463,0.2520450998888211,0.6046017601023695,1.224034112868856,0.6750899368937405,-0.5642614438358473,-0.5322447091374843,-0.07826891678490777,-1.1152918350176917,0.9472032260132836,0.7668114986543172,-0.7633205708666436,-0.20375726592241034,-0.2568023932030274,-0.6815106256223721,0.0,1.298673838551831,0.032842771659928625,-0.2787767879114722,-0.14964176573580196,-0.5119896569562975,0.034120254635285306,1.5634391160002776,-0.5389751548828634,0.7514796389989905,0.8080338023886152,0.9018995777264494,-0.2817571918530899,0.8511179498422885
-0.21690622633209553,0.057736607861702344,-0.07624673319839093,-0.5502843465575454,-0.16655482916690045,-0.13258624392822235,-1.2856167100870817,-0.5055816809363596,-0.01117765710965793,-0.632581686286735,-0.06846655441969891,-1.157073650701869,-0.852560296272319,-0.023482200309751518,-0.23128978935148614,-0.2711786663702483,-0.2761524355921344,-0.6612216582308357,-0.9776057246177243,-0.5995405483242778,0.17283491848073612,-0.806727722014971,0.41319250283903247,-0.2345012242966095,0.4695780973874609,0.0667943248933714,-0.9637857148675397,-0.5365751409098717,-0.031093536128881268,-0.6348567064610058,-0.6578679136030937,-0.07405117128780124,-0.19552936139187632,0.13869306043357418,0.16655482916690045,-0.728916110399699,-0.9008219127692695,-0.07542013934939187,-0.23798456935401668,-0.1295319836474317,0.033808395456441806,-0.77831756972423,-0.7996043769684448,-0.20375726592241034,-0.246208235067589,-0.6815106256223721,0.0,-0.841570810414981,2.5361330785620217,-0.29155946674587946,-1.0671601041195102,-0.5540289672529006,0.8869856882410304,0.0421418023125458,2.48124759521502,-1.0765728024630177,0.9266245585152836,-0.7919125355592732,0.2235140449538801,2.038065740419951
0.614242383523972,0.7449836696945719,0.5608511094768812,0.9352971681595025,0.7121004685196328,0.6907662169329875,0.31995161368817293,-0.4615414893507361,0.17668212808072353,0.019643572286058664,-1.0734694002455754,-1.053992553980782,0.28820249306950524,0.525082556127111,-0.13541270944755396,0.5710200889979755,-1.0666283776799796,-0.6373084468146613,-0.3500643540996714,-0.6637619902884255,2.5434705183976507,-0.856182788934404,0.6949786474125227,-0.23159022653805192,0.17814874922702936,0.06074870919428975,-0.6632957242706291,-0.7196612280893012,1.014236160006181,-0.6556699514369861,-0.2033376530843296,-0.7515576209324708,-0.37292909878225683,-0.9836093070905385,-0.7121004685196328,-0.74752429470708,0.33041728387676456,0.14658555792527725,-0.19893411000781044,0.3669865268226632,-0.8633292282898036,-0.7474400527329647,0.30705170913649293,-0.20375726592241034,0.02923987645381005,-0.6430072004459669,0.0,-0.841570810414981,-0.0709135223669855,-0.29329725165972437,0.1951254227176782,-0.5571865308883928,-0.9297966163126117,-1.3397342806533403,-0.22937459304589317,-1.1381524181900986,0.4906732046042247,-1.0999426074845038,0.049107974101554826,-0.9745306294666988
1.7239141383070402,1.589262952131508,1.8101666544005273,1.5691154699676866,1.7212329962912687,1.7306510104109096,-0.02227672819478757,-0.17895016047765358,-0.4244690917300783,-0.5481760498996285,-0.9164396220249799,0.10152295614273747,-0.46392427906733147,0.9327885187878102,-0.22352280440969044,1.0920657051361284,-1.074204751510024,-0.09026518165267367,0.6451357663404292,-0.6235030344890875,-0.6749352940338303,-0.929389295626317,1.3981963314718588,-0.17592601834464794,0.8842335983108935,0.07278888614572726,-0.6377840147195535,-0.5965615224513798,0.9877775710874059,-0.018567543382996623,-0.8480278164317919,-1.583870614205773,-0.8144073435437009,-1.5053122314116631,-1.7212329962912687,0.005068992074455802,-0.5418162019102475,0.05753919752239056,-0.4862148353839433,0.7636773474211359,-1.600970861684224,0.04779416624074752,-0.3823406067977306,-0.20375726592241034,-0.2568023932030274,-0.6815106256223721,0.0,0.35053436970902047,1.0196010378762561,-0.2915787427499171,-1.1427115784728599,-0.5563745531791249,0.14238663565807969,0.3537462613932751,0.3381825165418609,-1.1372886878971529,-1.359469206355719,-1.200175811198138,0.8376283265825358,0.2998302964613667
-0.6458879049544185,-1.056493749337283,-0.8279004942124838,-1.2507433695682348,-0.533541272312814,-0.6855184457973619,-0.946222479210911,0.09630116490221574,0.17668212808072353,1.1859754510310732,1.5018531299542432,-0.19113262269546227,-0.7991741738874862,-1.2667145545504155,-0.1743400561097566,0.19208987222961385,1.5294113583980773,-0.3606814140421537,0.912800114645469,0.48298114274323517,-0.036725473712740014,1.6851907594753257,-1.2573504577749832,-0.15057262483897277,-1.7587983466488164,0.5325207572809932,1.1164175945308645,2.5915874378208157,-1.3061754082741217,0.13862153220332268,-0.5893343124971777,1.0243867782014309,0.053751205962447625,1.8347427061729853,0.533541272312814,-0.2810851539613108,-0.8157961441899375,-0.9189798415601198,-0.06100083574642011,0.6282582717610391,0.8831230341664549,-0.29049715302982315,-0.7996043769684448,-0.20375726592241034,-0.23561407693215053,1.8212120108439664,0.0,-0.32037133631425485,-1.3310483171471263,-0.2584164533204414,1.2471893469051178,2.324790298026749,0.6008480788358643,-0.31210452037801084,-0.651177930230223,1.2788535038363018,0.17324205079634647,1.2227586987178076,-0.679152308001155,-1.0917396078638377
0.4988923374006892,-0.15982278189234747,-0.14302283945130484,0.47383477186617523,-0.10282927648746097,-0.010297160011302459,0.750748477519403,-0.7991830150492616,-0.4737822744250947,-0.9222463774728809,-0.09987134194820049,-1.0276298571123832,0.618442897019836,-0.3834046151403719,-0.23892079317071654,-0.9162512683265465,-0.11753409653411323,-0.6295059926956685,-0.2689689931491838,-0.5731538831036688,-0.6365370571976748,-0.7657071101473609,-0.2991362518295953,-0.22591943321874433,0.44057611147769865,0.13249394497999092,-0.2608474724583503,-0.8022371884722321,-0.12256130791210652,-0.7531383585029322,0.2894309363200204,0.14042466706066833,-0.17562237227403735,-0.6564109967522832,0.10282927648746097,-0.7316799058827739,0.6739322364646683,-0.4011694854005696,-0.238855367749865,-1.2150706990877822,0.039027023430854076,-0.7238172788122907,0.7107090520190316,-0.20375726592241034,-0.2568023932030274,-0.7200140507987773,0.0,-0.841570810414981,0.0183042039905617,-0.2930443985548157,-1.073425339298118,-0.5587728081415585,-1.125857933986189,-1.4112986240045782,-0.22959251635750857,-0.9276290412351222,-0.6367529254935868,-0.7780361895999148,-0.892670904189124,-0.9496782392468723
1.8970052567123923,1.5670074512303882,1.860982389735148,2.1248801728705398,1.9091730615478137,1.7519939318577675,0.5318072915491548,0.8816851218291418,0.1719856006985846,-0.46952536049529536,-0.8536242063898865,1.2422282003121867,0.3330889806915212,1.2497113817908974,-0.16755681369157097,1.198364899045488,-1.0656895849633568,1.4024207329076372,-0.40143575045700136,-0.3873235915541826,0.5810540412840108,-0.7243569113268199,2.0900817168843115,-0.2017950687775784,0.5726457409386014,0.18589936418648897,0.5892041616490739,-0.7971713690884111,1.158564572891118,-0.29031401239170385,-0.27176404986696195,-1.5619305489250745,-0.8067414289233119,-1.9310453007975568,-1.9091730615478137,1.4882268244817942,0.3211132404640436,0.5080630263780558,-0.4177774391422241,0.7109916994326932,-1.7350628439154756,1.5386782257787346,0.51568359422185,-0.20375726592241034,-0.07670170490057417,-0.6045037752695617,0.0,1.661850067845422,0.5058078187042527,-0.2894534153201613,-0.6759561507489594,-0.553758530162543,-0.9932613806098428,1.332486258748987,-0.11736702042223414,-0.030162288150687108,-0.36173219446990135,-0.6209452033442145,1.3267582033015324,0.6196627351777718
-0.6820164141492512,-0.4314900049336357,-0.5276466819372827,-0.7124352656324303,-0.632544853835108,-0.6920774568701648,-0.9944037169383344,4.757224199505939,-0.3164497261630731,-0.6958858801323285,1.3134141837715791,-0.47964119623835,-0.7647964332594248,2.6882175822360206,-0.19567102341672035,-1.8685624780545842,1.59889258038729,-0.6339451780679245,-0.3272393126572294,2.954287720340456,-0.4397499967897813,0.0816241666714021,-1.4862428860947614,0.5801680243493452,-1.1596029952656226,-0.25884193781536446,-0.07183206242077891,-0.5799500108428239,-1.529934985998541,1.2909911009882888,-0.5835624649775778,0.8361859856422997,-0.0498322577227295,0.2645234367440599,0.632544853835108,-0.6846081382987694,-0.7734438149325784,3.9619485940486037,-0.12959522312633248,-1.9541454968882503,0.9769289870188572,-0.7219712048719564,-0.7996043769684448,5.18981742025904,-0.2568023932030274,-0.7200140507987773,0.0,-0.8138474341330275,-0.8963273687136787,4.003008576980179,0.9730251957509719,-0.5194770912492741,-1.551216312564846,-0.3530834367952859,-0.7119330595466341,1.5770153270254865,0.5069388141409176,0.8787080482420355,-1.7450791104699743,-0.2911751702413113
-0.9181193307762766,-0.8174850915239958,-0.7494866412852638,-0.6277880208628471,-0.6394003177136346,-0.9486979447648068,-0.9887353302159753,3.8397196678221603,-0.1943409149179005,-0.822494290120013,1.3762281392621494,-0.5282196535367647,-0.7755908071606291,2.8837170551162026,-0.17795885103121714,-1.8376261225747734,1.6034448426148893,-0.59981745480955,0.24606191392550072,2.6586686357250393,-0.3613712427749369,0.09670042893919434,-1.4587328236768438,0.1718974880278764,-1.7343435274326144,-0.8941624115734136,0.08519854372307914,-0.18971381763426698,-1.48135481944653,1.004077322046809,-0.5458429447406642,1.2174654515208754,0.02326271635517424,0.1988094256464863,0.6394003177136346,-0.6157165056362256,-0.7743494392075313,4.512057395442755,-0.07636037830984185,-1.9453567033301324,0.9833399021846545,-0.6596537573677508,-0.7996043769684448,4.590531344016656,-0.23561407693215053,-0.7200140507987773,0.0,-0.7473113310563391,-0.5498348220385983,4.423430347732527,0.4967869169333228,-0.5155696782894281,-1.18000533801167,-0.41918328239590047,-0.42546611175296,1.6466572786651565,-0.15800133919690432,0.8762661692825879,-1.5585601659378014,-0.8600212611132101
-0.8244335301970058,-0.6278446537512528,-0.8295340973254262,-0.2817106725114506,-0.8387045272138509,-0.8369772763264484,-0.8526942465298806,0.7972747404045104,-0.27887778004245445,0.23641254334713013,1.6588843683193593,-0.40588489777633,-0.7664962728338166,0.336641755207601,-0.22923197350439425,-1.4324554654249477,1.6215873888162018,-0.5464061083447082,0.19278863954708828,3.7669455235041758,-0.3892592387460077,1.0188347380999645,-1.1844307682135937,0.06385132988009044,-1.6998495336337873,-5.2428966277250595,0.04987477078183264,0.5090154456872021,-1.3625578760611703,0.9027996260364073,-0.5608100764531606,0.6018130881526621,0.04889914779240636,0.016846034845422467,0.8387045272138509,-0.5258588067300566,-0.7683330507105429,0.945715761110235,-0.13190924186465977,-1.5778049536484036,1.1330112295850059,-0.5724486826212585,-0.7996043769684448,-0.20375726592241034,-0.2568023932030274,-0.33497979903472525,0.0,-0.6752305527232599,-0.8971051681664254,2.3334037978335056,0.49878479650847884,0.1640436254322823,-1.3480126800727552,-0.3254516248039178,-0.6216188873424048,1.506662540799878,0.7473543883759035,1.1352986217540693,-1.565056881945746,-0.9777944143328289
0.8118558221059958,1.0152673844062328,0.7524763851321953,0.626331468260114,0.520220062281113,1.0757757640425571,0.7528741431288853,-0.2156501779437287,0.04987676215975624,-0.8819618823724132,-1.4817520801394812,-0.34071869472438854,1.1056599381485812,0.4607945931483825,-0.1725778016459943,0.3207738348678263,-1.0388648269128569,-0.5951435741003924,-0.5403998118868758,-0.6308989536875447,0.39710818014464894,-0.9069992747265012,0.5961134039821288,-0.11239726514365571,-0.011296872637658405,0.10613158848837931,1.4947336826757935,-0.6380270208015785,1.3047920411015637,-0.24777080244480723,0.7045214246584284,-1.0180105024663644,-0.44676668950203974,-0.7747984247950158,-0.520220062281113,-0.7314813410366672,1.140800448645362,-0.1493450984712932,-0.2738171545029448,0.17727052499189777,-0.7144541266897568,-0.6794034982294382,1.1687921040542721,-0.20375726592241034,-0.07670170490057417,-0.7200140507987773,0.0,-0.7750347073382926,-0.3678876434092669,-0.292988400419633,-0.9575809702025556,-0.5573686832776109,-0.25035689512119186,-0.9771190700666912,-0.42678439429589166,-1.1377904870134379,-0.9006837259574768,-1.1998502068931418,0.23980201571672202,-0.7528755660201757
-1.321017315608578,-1.2656863455250533,-0.6610253138319715,-1.0595490801171932,-0.8792447622418543,-1.2524881544405249,-0.6096624993439956,0.06327114918274736,0.0897969446777945,1.3490318214154973,0.4340363286377993,0.8387900212001324,-0.6648231687062212,-0.9710774507099358,-0.1988072879335271,0.25340363353129886,0.584846572665823,-0.3346486566276811,0.02967746601447213,0.32429153612310047,-0.01882199880330457,1.5616922904892943,-1.1405833766863729,0.022315852844959613,0.6498494053076318,0.8400452817592697,1.2186654074379484,1.6558457967824531,-0.8429540685780325,0.45483921698264435,-0.4801322809101457,1.2306144087090662,-0.0028683269059312736,1.5813694331797705,0.8792447622418543,-0.2807521509722996,-0.6251409262453956,-0.34823069349187685,-0.11544763393607711,0.6373082228369418,0.8291501922225106,-0.24677901228004528,-0.7814624739175441,-0.20375726592241034,-0.22501991879671213,1.5901914597855353,0.0,-0.23165653221200355,-0.14292320179723647,-0.26983033677897916,0.890613506838978,1.3678239785139432,0.5132517561180617,0.3884981376602916,-0.7139606224715899,1.0056913886519419,0.3758824253613851,1.1727094244138372,-0.5792195657116254,-0.43670172769286425
-0.2386866778013937,-0.1839106108830287,-0.3264943388704457,-0.8738184109918025,-0.358249919755156,-0.5493961098651846,0.31357474862674994,-0.3991511184057533,-0.4831752746020728,-1.0488547874605607,-0.3197165358038867,-1.1138269924323227,-0.23471398448760972,-0.12644389766481143,-0.21738186063511175,-0.5302515902043575,-0.2797641785631456,-0.6513186043479797,0.1589826671386167,-0.5822315098217815,-0.6010468524280717,-0.8620415112222962,-0.19402467274801544,-0.2308793969072899,1.3190085815709918,0.17502661271532777,-0.5398126572449924,-0.6675574540171791,0.22262908466258827,-0.6956356392723355,-0.40064875926100835,0.1641710901528243,-0.11561854937094906,0.3898096623498095,0.358249919755156,-0.7194959954730039,-0.1915069591959409,-0.02970098342395142,-0.18542768944499524,-0.3254571163392498,0.17190174526180788,-0.7546152665037648,0.04399411489843391,-0.20375726592241034,-0.2568023932030274,-0.7200140507987773,0.0,-0.841570810414981,0.7834838031430801,-0.29228104530350846,-0.8120342390643918,-0.5580624157060146,-0.359524429365498,-1.2105913940018602,0.3628953146446951,-0.8835993563740963,-0.14798465878928527,-1.1991030696898497,-0.42485204086058354,-0.16055642710817258
1.4680364401364112,1.4262088597607478,1.8662012916804385,1.8418330167529653,1.7160696814757772,1.8318983657814574,0.38797225435648824,0.4522930405864361,0.1860750736704078,-0.10504655920151423,-1.0734694002455754,0.9350584059108885,0.4608884185945126,1.2917440839362877,-0.13946269441838846,1.4403961383331885,-1.0695512027860634,0.9136023482426442,-0.6178065709465934,-0.36627967372487125,0.3976131062252236,-0.6747488344737915,1.5188946686135243,-0.20025846506222802,0.1635353395382686,-0.00783824862973003,1.0831125671201969,-0.6630404341847884,1.1244247125822615,-0.2680825097777088,-0.2009774126595127,-1.423127549073524,-0.801961163153809,-1.6655244912065843,-1.7160696814757772,1.0510001194239766,0.4721265986690036,0.6728070476653403,-0.38087034499672134,1.0748981604179266,-1.5956710531732783,1.1138041438291917,0.5927866821881776,-0.20375726592241034,0.018645718318371647,-0.37348322421113045,0.0,1.545411887461217,0.8410783449389236,-0.28882662871434245,-0.6954400727904457,-0.5519518873257667,-0.7409044024051478,1.1046953783473057,-0.06087954878370468,0.14347238266138018,-0.20878630804297385,-0.2610022121335275,1.1894864186518233,0.7291067280938666
-1.3259220513831362,-1.3384367101023815,-1.4211218355854092,-1.4550302629754093,-1.3816122483080753,-1.3988299198479348,-0.6231248972210008,-0.5569618760151872,-0.3399321993118686,0.8425980922788124,-0.35112424362143474,0.21971087186449628,-0.6900546904347516,-0.99508552930397,-0.25047938137001996,-0.7339483909450881,0.0213103097568847,-0.13038928391808816,0.28541973795986786,-0.049202112992804255,0.5232528122067591,1.3941795690244565,-0.26976278262947223,-0.16749681386562856,-0.5416330416539945,-0.20223622887285905,-0.9735636952942426,1.267168517247856,-0.39792638666402186,0.0037994816295583017,-0.48019341847093383,1.3023336548906201,0.24237620548569108,1.2936135793277015,1.3816122483080753,-0.010169127239786266,-0.6541308697681438,-0.3244146493828748,-0.0781392180969233,-0.3735180669479021,1.0121851508463304,0.028745475258324802,-0.7905334254429945,-0.20375726592241034,-0.2568023932030274,0.24257157861135295,0.0,0.3449896944526297,-0.3958276576189936,-0.2840830540723816,0.05183591988149562,-0.5026771336613676,0.17403430974228135,0.46921197718504787,-0.5592236242143082,0.6786430676798794,1.1959334453135064,0.9308526577385796,-0.25653697533716935,0.38773657379808496
1.0123543076029258,1.3279994567145148,0.8974349302705079,1.0915932399171933,0.7936256120613133,1.1980491711307892,1.067469095622624,-0.3000607299946862,0.1438066547549499,-0.8953900548380642,-1.3561270894473874,-1.001267160243986,1.0433201324108858,0.49985153426012413,-0.17763402336468376,0.3601233363223979,-1.0357783694546367,-0.6107868723419068,-0.539529263749197,-0.6175382740870977,0.5590300240184317,-0.8621724086667373,1.141179450522728,-0.23023134093449726,0.8050103259420138,0.11498257424183782,1.6301387001939858,-0.6768989338301268,1.226970237185701,-0.7097506822775416,0.7875776052468435,-1.3263101049914467,-0.4921341785002592,-1.1359940822458354,-0.7936256120613133,-0.7589571822189518,1.072425473412724,-0.33616103352461246,-0.30022654781635794,0.07461230812882881,-0.9125981463350117,-0.7080490505606357,1.1823985313424477,-0.20375726592241034,-0.03432507235882046,-0.7200140507987773,0.0,-0.8360261351585904,-0.23079975933589297,-0.2925489787079436,-0.6418081859849099,-0.556025606599264,-0.3630299456588464,-1.2472287392982524,-0.4089980911699814,-1.137573261280542,-0.9801829184674916,-1.177555676041246,0.45029925474594706,-0.923665153248058
-0.23333795802887,-0.02185574887256451,-0.11075515382524709,-0.7046651968829937,-0.16027977952606678,-0.2117303276293286,-1.27073718258773,-0.5936622347339238,-0.46438930154176644,-0.6632746328112302,-0.13127904976574586,-1.1567774557113277,-0.8513127127312828,-0.0659872685221488,-0.22563568983396404,-0.3315065762769428,-0.27558947088142494,-0.6606269862399176,-0.8731700554765541,-0.6289656610543151,-0.4312214413265922,-0.8127387326100615,-0.41012970905227997,-0.23145689528459695,0.16039251026732954,0.15383609184053743,-0.7713866261383051,-0.634912693547451,-0.23959245225844103,-0.6769988785439952,-0.6552427997539365,0.004413092911554362,-0.18617542547264496,0.2584913162016927,0.16027977952606678,-0.7271274138616349,-0.8985022317311269,-0.07217327943208236,-0.22581702824335603,-0.14961793526666473,0.029432484195747864,-0.7761042240746924,-0.7996043769684448,-0.20375726592241034,-0.2568023932030274,-0.7200140507987773,0.0,-0.841570810414981,2.503851083672171,-0.29145634650039554,-0.36560465590385227,-0.5549556285329104,0.3171133268372479,0.5577296179441271,2.39026562326438,-0.9683101976869201,1.2555146557879082,-0.8273305300536709,-0.2637670272088377,1.8305228099530364
-0.7508774339064532,-0.7907970608651038,-0.7282495697735483,-0.17164729726155017,-0.8178538315046918,-0.7204556502471178,-0.7690856659066613,-0.7955131839289814,-0.4526480649673687,0.4282433364945591,1.4704468822812184,-0.4097356529955577,-0.7363588311848083,-1.3398031069830731,-0.26396337964445343,-1.3787146573014064,1.546439520021208,-0.514314609101329,0.36641381834823,0.12197760411158877,-0.5478344322576388,1.3716036705402999,-1.3337410864921724,0.010681624353058299,-1.7679378394215315,0.1313869401691871,-0.17425909439984655,0.7156964341477418,-1.2489154051288305,0.8110835404956123,-0.5725613106277166,0.7624559092515558,0.015774336182501306,-0.04987243079055817,0.8178538315046918,-0.47734957282018897,-0.7366274850352569,-1.2281260077742986,-0.1911636886622396,-1.5503284993763562,1.0938452886857941,-0.5223331013150789,-0.7996043769684448,-0.20375726592241034,-0.2568023932030274,-0.10395924797629398,0.0,-0.6031497743901808,-0.7831617373093088,-0.27688733300755947,0.8696403562509901,1.0008329513868497,1.8872274954173447,-0.07973874994310605,-0.6453568299334322,0.8894052061515808,2.185439117324012,1.2884020108431948,-0.24867798895813525,-0.6471655973193794
1.76101186599663,1.468016508354586,1.733241880660775,1.83710760688832,1.946761003847591,1.7075662425642777,-1.2905765525868655,-0.4101611236455729,-0.5771051399036166,-0.7093140303014892,-1.2933145941013404,-0.15203284577875054,-0.8542118309559462,1.0077955295546168,-0.24157362234969915,1.183422050208527,-1.0869590371793934,-0.6532776376809311,-1.2190572126814383,-0.7158235451885484,-0.8051574050912308,-0.9759290133789748,0.20047699667579688,6.929295644448444,1.0857649910415095,0.10708002547591365,-0.5213136246893483,-0.6534330047402986,1.3750456566559826,5.872161500666246,-0.9738577479362593,-1.4643426420726289,-0.7892493189188764,-1.714757626385967,-1.946761003847591,-0.7570826525213487,-1.0027509466389906,0.25298673000246735,-0.5000865612575762,0.7839582709378282,-1.7694887416630982,-0.7905135371149157,-0.7996043769684448,-0.20375726592241034,-0.2568023932030274,-0.7200140507987773,0.0,-0.8360261351585904,-2.0928528541570754,-0.2947848087774865,-1.1475080399138051,-0.5605809318000768,-1.6255087519138522,-1.1202413467470977,2.790942929293941,-1.1398685287138253,-0.44777764983546137,-1.2019272144894835,-0.3298886697727968,-1.2737003171449233
0.12142189911804678,0.3276872394327029,0.1775138938843065,-0.9084182699194256,0.2667141609491243,0.4342257767211026,1.4352051612853167,0.18805172044639576,-0.03466013025845343,-0.5942154919828683,-0.35112424362143474,2.403075695378297,2.3320148166567085,0.37810209265363637,-0.16041047537929254,0.24360791554921618,-0.8376158496504466,2.715758463003449,-0.39694961713910937,-0.3967506311362343,-0.4135496717691816,-0.575277169956021,1.3887982983797287,-0.2022770749264644,-0.37881047678897045,0.05476266108507354,-0.301606788653818,-0.6957911969396866,1.0304037534306059,-0.28127628204786714,2.5675047915766482,-0.34017569059419644,-0.2785957242525321,0.41789866014409577,-0.2667141609491243,2.574892934054464,2.2875828563990956,0.2664173425587776,-0.17967524008655597,0.5778693341516664,-0.4640649882069966,2.5186798811316233,2.0577453535484023,-0.20375726592241034,-0.23561407693215053,-0.6430072004459669,0.0,1.9889859079724739,0.004035225499153948,-0.2889686967860932,-0.828800271294513,-0.5494828391107095,1.9307666930488416,1.322480495957355,-0.3572886107094936,-0.19334566428278213,-3.177801008151707,-0.3150839939458971,2.204790905332434,0.5525785643843075
-1.1474677641329658,-1.4002451816945256,-1.0759073201873552,-1.1147928165508605,-1.0903700549875617,-1.3484122840335846,-0.36592220793553193,-0.11655978953266158,-0.027615366478894895,2.0914175295792345,0.6224738146759401,1.645073879272052,-0.6238012045139165,-0.9132361351735349,-0.18803279383413338,0.5494415990349785,0.38921122028615596,0.6519323734268752,-0.14669373127045993,0.29031702077153565,0.13010255097892365,1.2455449020665375,-0.4347764266863933,-0.17553367419362442,0.46438081199556097,0.665831322555781,1.0595361427502674,1.2092141196527806,-0.8459669040608825,-0.17614439444826982,-0.502535220618984,1.363266091669143,0.13279408678556165,1.5645160180915934,1.0903700549875617,0.793857895745648,-0.5863239643732016,-0.16376276240380314,-0.04484468577182168,0.9923840035400625,0.9191881435512906,0.8910890152065616,-0.7723915223920939,-0.20375726592241034,-0.18264328625495843,1.2821640583742935,0.0,1.2875844880390495,-0.2719884876547472,-0.26584907846354927,1.0928534179000902,1.6698953478949823,0.38970524335124046,1.5187186558857577,-0.5389102948883367,1.166435896967811,0.03493948211388081,1.1134524252319669,-0.23283262721778442,0.8134903745702411
-1.22584959622198,-1.1446960644246489,-0.9756203095061726,-0.954493541880953,-1.0838109591257756,-1.1351749289013424,-0.6323360132916775,0.5146834115314279,-0.27418127995396535,1.182138849437879,0.5910690271474385,0.8847025032414869,-0.6391541874970799,-0.8780030447276093,-0.20640456909956714,0.3888092732144886,0.34642376632057953,0.7428087942459366,-0.08143942350652197,0.40942941663655336,-0.16777292571290806,1.1178847180946174,-0.4685439936672329,-0.19875184366808152,0.3383253788414111,0.6966290693785155,0.824876466356057,0.7790899713897533,-0.7118898682949303,-0.24973536987980574,-0.49619596310746417,1.11133896856207,0.0966762207003416,1.2773602939779947,1.0838109591257756,0.9062723437393556,-0.6001734290309473,-0.3147504725144625,-0.0822748795783426,0.7584848683328167,0.9006723708669296,0.9767309512285652,-0.7723915223920939,-0.20375726592241034,-0.2568023932030274,1.2821640583742935,0.0,1.5759076013713662,-0.17221997111908063,-0.26449670330765046,0.9526619920111374,1.8136392563205974,0.6275764696470341,1.3607317915403043,-0.6358733262941144,1.096093668008798,0.2217500981144339,1.1610807370984002,-0.043467022191736086,0.8470726973817744
-0.5260661249911228,-0.9222807952390335,-0.7721116291012813,-0.7027181665920563,-0.4151075558240452,-0.6914442813172661,-0.9745643798809539,-0.34777092332691634,0.10153818125219229,1.141854443523373,1.5018531299542432,0.10063431608556267,-0.7993428164256176,-1.2733148038491882,-0.16993573888891628,0.44950341725243814,1.544972796797925,-0.36152922786953384,0.5081587022268709,0.41154194730591054,-0.19323538738912896,1.7056503671963013,-1.1008320282914692,-0.13699357388340797,-1.6340722452506808,0.7326128390942312,0.9374347669228074,1.551810740897327,-1.2505891343084676,0.142709996197371,-0.6084768970900155,0.892076074995338,0.034733110386468445,1.4873045553186475,0.4151075558240452,-0.30063261476243053,-0.8220050386444117,-1.0332027204487175,-0.06291144689880575,0.7476570422387584,0.8026350040170556,-0.29164960209305685,-0.7996043769684448,-0.20375726592241034,-0.2144257606612737,1.7827085856675615,0.0,-0.2898756224041059,-1.3504534201253344,-0.26072349406410317,1.167683223508996,2.258560083179994,0.6110050923451019,-0.275691599131041,-0.6899899894960828,1.2604913923257304,0.06527148953274742,1.211486167614265,-0.6315436372243531,-0.8981866125849356
1.438989099108193,1.615836638291743,1.6002820046978825,1.354483334125417,1.4521753968150233,1.2225916803579508,1.8390771470081448,0.47064313463264584,5.108000233820363,1.2972374323494857,-1.2619098065727599,1.460535090707285,2.103901607356163,1.279634061059107,5.289976210599697,1.9982380967163262,-1.067066716940718,1.3677436041750504,-0.6156534128276174,-0.3536221223292296,1.1834924810044625,-0.3095061443881598,0.922442038328621,-0.20090810982996612,0.73875390714679,0.23774012691521232,-2.606839143950048,-0.3759148587495268,0.9101206289298605,-0.23743754348115506,2.4357472649963374,-1.6100676614748828,5.145074368553182,-0.7397364717747271,-1.4521753968150233,1.4997383693008155,2.038637411423243,0.511685762765367,5.204000778884871,1.8552548490510434,-1.4026099015822822,1.5134679233126294,2.2255579567692334,-0.20375726592241034,5.199189046547761,1.243660633197888,0.0,1.6978904570119615,0.5085781888552254,-0.2869573308621917,2.9733428487739135,-0.5394981440919113,0.3414266932898667,1.1088280062162204,-0.2400763924441406,0.05385664244597496,-0.19792273729676957,0.6810356722188419,1.6276223096536215,0.5386235673129416
0.6150557591532837,0.2659813147585756,0.25401944120400516,-0.5875058766905928,0.3422359310354502,0.3977998744718117,2.470393244673195,0.29448228297700213,-0.3281909627374709,-0.6690295352010265,-0.06846655441969891,1.8168757874736212,2.6738607058437247,0.49487653547111354,-0.15481713846464862,0.2704638088776099,-0.833242940513151,3.581600593532334,-0.2484692030807104,-0.37543037037983223,-0.4519547748196727,-0.6137654089436533,1.7967873969992618,-0.20791319298604793,-0.9006179739984355,0.12963607345749253,-0.6281620202616713,-0.873428220898331,0.9957887817402709,-0.29058964068382803,2.9284494087397412,-0.27934434729748814,-0.3054739010886213,0.16753727643034574,-0.3422359310354502,3.1967918111406246,2.5632084624517892,0.4735277714860893,-0.18274988655635352,0.5062365394380712,-0.5176099245091169,3.0711365676665685,2.28451914168466,-0.20375726592241034,-0.2568023932030274,-0.7200140507987773,0.0,2.1442368151514133,0.1784096565836785,-0.2888346413081046,-0.9988095000477545,-0.5484214574911379,1.4885297693143391,1.3304723475891418,-0.42175953637135993,-0.1657661653365026,-3.2030572796901735,-0.1786913852544642,2.5829737418836176,0.7982127747967027
-0.5779705527526848,-0.7427878044678133,-0.7915126378126552,-0.06982570313472529,-0.8664230958881931,-0.7080492133961537,-0.9200062441503526,-0.6120120728406306,-0.40803135506719146,0.2517589497199119,1.5018531299542432,-0.10049227331828275,-0.7457842701042486,-1.3393345560616505,-0.2585166308957189,-1.3581069852150327,1.5428163980436478,-0.5074629121180486,-0.06056453529566449,0.07809162762632697,-0.5597205250806035,0.8874164337855203,-1.1299688291152463,0.11161567023817127,-1.810085228265332,0.05889563336948833,-0.2043142264703292,0.5576863870224994,-1.1688513297385665,1.0908049394991854,-0.600184707644383,0.715127106178813,0.03646433949605451,-0.14287423761052662,0.8664230958881931,-0.47423275476504767,-0.7562852588339306,-1.265102784719144,-0.17531842506114664,-1.5594054994891269,1.1277458902835604,-0.5116192904539785,-0.7996043769684448,-0.20375726592241034,-0.2568023932030274,-0.29647637385832004,0.0,-0.6336454883003296,-0.6915537874818676,-0.2785829831881533,0.12019576693815301,-0.09604110058491977,2.016015911156523,-0.07636985164435485,-0.6661812239453729,0.9280326890171098,1.1556238113283923,1.188726524005375,-0.11455051770431221,-0.7003523342907836
-1.258057237644823,-0.9574642973830936,-1.2777968871748466,-1.1431287797571648,-1.2339160219229988,-1.3737796482236202,-0.5827376953545427,-0.4064912925252927,-0.42916559181856734,-0.03598746296612834,0.30841133794562653,1.160770336326159,-0.6257809478873306,-0.9990540313074723,-0.24870869595043194,-1.1876258626941931,0.15110780891157818,0.807622475789376,-0.19587081420443336,0.02566166430597803,-0.5141359366359682,0.5222247425161626,-0.060028760024608795,-0.19743596498432037,0.1308709863867869,0.017650004301862407,-0.04540732621234535,0.035609146085149326,-0.28267932577350735,-0.25433861960732107,-0.4904136098855094,0.926760908074311,0.19550219590246504,0.6816370387168258,1.2339160219229988,0.9712666351623183,-0.5831842900813397,-0.6274002730054403,-0.0955792756758683,-1.00556025618992,0.9467242057366818,1.0395871309499531,-0.7814624739175441,-0.20375726592241034,-0.2568023932030274,-0.33497979903472525,0.0,1.5592735756021938,0.1962080222773977,-0.28090508852838014,-0.47926807242275776,-0.5007783485140654,-0.013029189717218679,1.7224489321273648,-0.6142232933195053,0.8015561290413994,0.4206829722858326,1.0275219232529094,-0.16158534374397834,0.9717792230394059
0.3699697328769836,0.6287854091900869,0.4850684286230965,0.3051680750228605,0.6662364292391162,0.7258136028307045,1.6002968545728158,-0.3441009215803099,-0.4573445377622079,-0.7918013435955118,-0.7279992156977926,1.0802013327395024,1.872342684392141,0.24697358827440644,-0.2089452197958284,0.04917230445177729,-0.8089365697825022,1.0644642263679538,-0.5021014104766035,-0.5389857161713784,-0.5003880192848061,-0.7114408054781508,0.8042109993867452,-0.2031869534533487,0.16694271295188468,0.1847752052589317,-0.48882291274393175,-0.7853380148360811,0.5842617180057663,-0.1840164400788033,2.0776818275827855,-0.6370062822634884,-0.3810378037488439,-0.5254703474928349,-0.6662364292391162,1.2923664458572541,1.8717777795544557,-0.14519884022490376,-0.28540842262996247,-0.03363361750099137,-0.7454879336540193,1.2573690872978438,1.7674749047339924,-0.20375726592241034,-0.2568023932030274,-0.7200140507987773,0.0,1.3652099416285195,-0.12391030444076422,-0.2912594772362021,-0.8665944740112315,-0.5540955595248388,1.066926777880991,0.8930395319365848,-0.3207031342502401,-0.7699132121960471,-1.6551186408529142,-0.48006292402637535,1.2477197581133268,0.7634322157127693
0.14345328439927854,0.6304382374323985,0.33529576900957087,0.03978177220809488,0.4609908210799441,0.3514200668800891,1.4741752582357601,-0.3661211026862846,-0.2413058612154915,-0.7169872780808633,-0.6651867203517456,1.3775963068541042,1.9753309470610574,0.23442976350685774,-0.19228824561031582,0.13311551936957128,-0.8145767879884384,1.4342498685872385,-0.35840253792047794,-0.5449068923502725,-0.5450402593793343,-0.7195802698157906,1.1537993320981066,-0.1997840208373627,-0.07427255483710929,0.05915011156920636,-0.20248833210751066,-0.6277831673724168,0.6448920056599508,-0.18530148247595013,2.1941416189246716,-0.6386356843468303,-0.3319973876598454,-0.31944357726793793,-0.4609908210799441,1.5734949672618384,1.972694807093282,-0.1636875715531278,-0.2429743622103019,0.14813429950805998,-0.5979483778798412,1.5740071254065988,1.8400425169375951,-0.20375726592241034,-0.246208235067589,-0.7200140507987773,0.0,1.553728900345803,-0.0936660504122848,-0.2908315357328047,-1.08031472815078,-0.5509237637255474,1.5524680016347754,1.1501141658494929,-0.39130872869173877,-0.7628288945123687,-2.0701786925888293,-0.46273177131594967,1.5195474771356678,0.5480036035648067
1.603987382168838,1.522380735147071,1.9601706386630964,1.6301990729298996,1.925601526440824,1.777297822985684,0.2625593010672705,-0.06517959445383385,-0.49491648388282655,-0.6651929336078274,-1.0734694002455754,0.3918089199710584,-0.5284218107324596,0.9172122896199962,-0.23822773531041103,0.9442802362875783,-1.0743447745131947,-0.14270026531241173,1.9529171029680166,-0.6302528084308344,-0.7056246747720608,-0.9281058463483733,1.155104447139156,-0.16380299316178987,1.357145878737146,0.14979757725433185,-0.3073518953033566,-0.6778665868059303,1.5256895957274923,-0.005188593182050668,-0.8142030471053628,-1.5179363441448122,-0.8634657124726345,-1.5541287750425132,-1.925601526440824,-0.07413721056669055,-0.6102305155128799,0.08738392698545805,-0.526696855430374,0.57562239659028,-1.7498964239606152,-0.01986346703822244,-0.3460568006959293,-0.20375726592241034,-0.2568023932030274,-0.7200140507987773,0.0,0.21191748829925286,0.8721490859442281,-0.2925171807606783,-1.140886148620669,-0.5571084287667221,0.14251874973134632,0.6923890375275161,0.5709735593926606,-1.1377767582370715,-0.3839323152555171,-1.2006532235836544,0.8438333757586862,0.3100023109599331
1.1102102222931516,1.446042841558304,1.0401527019288044,1.3007624460659748,0.9708561623559294,0.810756893791835,0.8293971827010838,0.17704171520656678,0.24712954752711588,0.48579271713632405,-1.3875347972648537,0.3067967160985427,1.0316224031039498,0.817280387375159,-0.104453556219157,1.4620612938501079,-1.095153752557091,0.0278079887403105,-0.3550116964504835,-0.4730894064573273,0.4477771745619392,-0.4961254685570503,1.0657326589739216,-0.18044578497019167,1.1206986874894187,0.010035346228685793,1.6343100792738958,-0.46569496315305575,1.2065177101203997,-0.16997011440527013,0.9551566894115037,-1.4426804163555482,-0.5155045166224344,-0.9867490197437654,-0.9708561623559294,0.10506353730550153,1.0570918653114563,0.008905191286773487,-0.22302500675214737,1.267969726622476,-1.0612056045335347,0.20224141255326147,1.0327278311725177,-0.20375726592241034,0.0398340345892485,0.3195784289641632,0.0,0.4558831995804439,-0.3498487321939397,-0.2910663409507647,0.35982335976826085,-0.547925773936442,-0.6069639425770359,0.7973450015530368,-0.3459588096859027,-0.5223814799080148,-0.5478806269347412,-0.005674473410054523,0.6449848594132912,0.15732753804276767
0.42862777387926054,-0.020305441338148014,0.03601049354185657,0.39921886141467205,0.09917997664261977,0.0660584341983118,0.5551893497194136,-0.7441328182238183,-0.40568311866977186,-1.0661195838158963,-0.1626852974387707,-1.0222980718549024,-0.11478341503323987,-0.1827066175392742,-0.24157682411822487,-0.6820934685158916,-0.3287534972982221,-0.6453555116400215,0.5707925198938778,-0.6327026941059308,-0.617175990118572,-0.8627094443926181,0.17119185598327227,-0.22800123814995904,-0.017943414476904278,0.06901922329939372,-0.4984177371323109,-0.5537112237203002,0.042530548323537684,-0.6872991313885763,-0.4123459478605693,0.002884758471391514,-0.23417470569193577,-0.5984845895690033,-0.09917997664261977,-0.7334055811403252,-0.09092777589216249,-0.2335517729671089,-0.266955588337243,-0.9154419537919253,-0.17635792926739455,-0.7528274607666257,-0.11021206103422129,-0.20375726592241034,-0.2568023932030274,-0.7200140507987773,0.0,-0.841570810414981,0.7902549923023918,-0.2933353800338486,-1.098482119025103,-0.5591998309655387,-0.873786009044221,-1.324162097343088,0.24332929248486346,-1.1377302149772768,0.11624901508827032,-1.1992052285860295,-0.5109709007592489,-0.7539847164997425
0.26907110512522725,-0.22806321225216222,-0.23103592026174205,0.36030190477784585,-0.13098019053464519,-0.17725245398264838,0.6147073279497988,-0.8432233772612117,-0.07927678557133092,-0.9951421421909323,-0.1940915451117928,-1.0214094455691178,0.5188928342260799,-0.4488730484379556,-0.2323508967658067,-0.9261513876679003,-0.10401985471873804,-0.62736720112986,-0.4657667584143034,-0.5839262216556418,-0.4417917881735438,-0.806958133647244,-0.22094115885715845,-0.22819071688646306,1.2115522377132242,0.01935503246152071,-0.18702023569279508,-0.6515116327324028,-0.1825428968204087,-0.7034151550896939,0.3059496964417395,0.20769790002582553,-0.14589986321905976,-0.5682722734176908,0.13098019053464519,-0.7279066313387685,0.582973298881788,-0.438223917438458,-0.21813429045882166,-1.1897148035741059,0.06385321692991351,-0.7177351085786039,0.7152445277817567,-0.20375726592241034,-0.246208235067589,-0.7200140507987773,0.0,-0.841570810414981,0.04837534361279206,-0.29258495305322874,-0.9582083050207737,-0.55989352314645,-0.9427314955788771,-1.293813250983854,-0.18936363577874754,-0.9037200080145655,-0.5372793775108897,-1.0007418435718816,-0.7407464011985788,-0.9680379429096451
-1.2215094072235602,-1.2078371973991537,-1.12451114179461,-0.6714778539588784,-1.0853055723907072,-0.7838662324364717,-0.5501445128781698,-0.1569299793716786,-0.18025144194607728,2.664992054154713,1.3448218915891246,0.12373873722983449,-0.7430088182007294,-1.2420199747577731,-0.18864649021514082,0.3434695378173738,1.5521871078144802,-0.3210352230131028,0.5015711043708265,0.5759531550277851,-0.04156628662877754,2.430997268916379,-1.1898331856494224,-0.1305418728905955,-0.2563658681958083,0.7573559698481397,0.5662373192373311,2.6355136451727863,-1.3087110012635317,0.23119901312386076,-0.4961451762473634,1.1735851784098206,0.14596067453381886,1.6015446029017342,1.0853055723907072,-0.2285433189771658,-0.7209967048907578,-0.7664083394716612,-0.03900054530812651,0.616573005522673,1.2887688278336222,-0.23292404124756447,-0.7905334254429945,-0.20375726592241034,-0.22501991879671213,1.7827085856675615,0.0,-0.32037133631425485,-0.9364905179227726,-0.2623733845951668,1.0964738737697717,1.9042005776196589,0.042900376787393675,-0.2646632569850761,-0.8497424317230954,1.263180343732392,0.3928400688332816,1.20350605581594,-0.8963837414138891,-1.2760626197878069
-0.8840883760874151,-0.8196896390910285,-0.7974543899247705,-0.6925140169393074,-0.9358182022021835,-0.5949658466875299,-0.5636069189906158,-0.26703054364889156,0.1813786008755627,1.8765667701287987,1.6902920761369045,-0.25748366079511553,-0.7255285525161811,-1.2036013980349534,-0.18283422491169687,0.3414765736148221,1.5640952093561966,-0.5233388227849235,0.18922457192159411,0.48518601029587227,0.31897172876635305,1.4265872631771592,-1.0215903461621825,-0.03238652730184748,-1.0129886692299293,0.6781116322411579,1.9581522333494228,1.8670019223516372,-1.2125908839120247,0.6387810687670902,-0.5502103823510077,0.7909389820532371,0.04700820329316122,1.2739674710993787,0.9358182022021835,-0.5048162185829322,-0.7173345660396582,-1.0172245271853293,-0.07612529127986019,0.6209941757384903,1.1846682522547851,-0.5383584436560009,-0.7905334254429945,-0.20375726592241034,-0.17204912811951997,1.705701735314751,0.0,-0.5421583465698829,-0.70946858437001,-0.2624570727648332,0.8015442388509794,1.8314721301351427,1.3326711091517165,0.08069659839238937,-0.7492630469307747,1.1645757010581113,0.2530756899417087,1.285670937540079,-0.30807232793330547,-0.5261092992195168
-0.3038365225607734,-0.089493974244786,-0.0789935286130201,-0.7629857862447035,-0.2064773733090904,-0.2408212007784454,0.3752183265831061,-0.7147728042509567,-0.4784787745135838,-0.9280013021591627,-0.5395617296596518,-1.1067179477175786,-0.1640772693170463,-0.12130621844591405,-0.22153106645061887,-0.5207509244337206,-0.2758049895849219,-0.6506180534421949,0.34978733378961463,-0.5925062636463956,-0.6072946680455537,-0.8683072000154227,-0.5070225546166398,-0.2300230406719054,0.5567654297517608,0.013443742010866047,-0.5827499691559476,-0.6166446563466508,0.2470648730456602,-0.7034403027720317,-0.33202293305813396,0.07109265616786695,-0.1965629730774906,0.3037672122685376,0.2064773733090904,-0.7264699453351484,-0.11096069464790587,-0.09572326729822285,-0.22477839714329925,-0.3503100031183431,0.06292424792004049,-0.7577929758548042,-0.028573497305168567,-0.20375726592241034,-0.2568023932030274,-0.7200140507987773,0.0,-0.841570810414981,0.760344132705712,-0.2921614098269233,-0.13396152062736988,-0.5575306399549742,-0.35641246691449446,-1.1254341735375022,0.33505697295759174,-0.7518163754724247,1.0929733815432705,-1.1706255935878258,-0.5433884089367598,-0.23073990612789558
-0.701477192374167,-0.7933979594871187,-0.7227270652534886,-0.5531726286136792,-0.9542477741603795,-0.6832364338014828,-0.6890198063963203,-0.05049941684107236,-0.1379829684433255,1.1648740530825434,1.5018531299542432,-0.22253088917372593,-0.7108817734140516,-1.1475604524520253,-0.19386048192092206,0.5505682781150387,1.557391005780908,-0.5139271622000384,-0.04709560857862512,0.34345396424061797,-0.04807919247493023,1.1962408128575253,-1.229522840872073,-0.029891740537092704,-0.2880663674063565,0.7564885832611374,1.3850196985796903,1.4160411316973445,-1.3549914295039875,0.6161483629245633,-0.5804534342694125,0.7650199443550125,0.014833547124772915,1.243953691379187,0.9542477741603795,-0.5050189943734902,-0.709280279156372,-0.9604057549581135,-0.10059984316348947,0.8154444521111701,1.195822880192493,-0.5221951959299029,-0.7996043769684448,-0.20375726592241034,-0.2144257606612737,1.9367222863731821,0.0,-0.48671159400597586,-0.6469449340637105,-0.2507333743840541,1.2356659406788013,2.2469295370854465,1.3817580377940097,0.18045788004448446,-0.5860503602823983,1.1697661681824278,0.7634838097013096,1.311026667312443,-0.37874644786946543,-0.5514338705436316
1.2111743442940375,1.441481489427574,1.0134943272593893,1.240385251822072,1.1116475457943547,1.0154225982469534,0.8194774977015142,0.26879210012442056,0.1414584183575303,0.8675362701924552,-1.2933145941013404,0.5248073564175536,1.0690952569208765,0.9653982812870341,-0.10352589262402911,1.582852855479428,-1.1019227429729228,-0.019822199504642892,-0.4899203669542372,-0.49802369937266455,0.23045755065062248,-0.37979352520994875,0.2834167906571061,-0.17495698559037823,0.43066856496855277,0.1933443436939501,1.0684521344285831,-0.34060964938523075,1.8193544083793156,-0.09694446850082325,0.7442144403026424,-1.4381837139914404,-0.5185978268357254,-0.7241939843920967,-1.1116475457943547,0.05155007682835771,1.0893069259900006,0.21526555181948312,-0.21821709023968666,1.423284966039642,-1.1660083894424949,0.14255096406538337,1.1869340071051728,-0.20375726592241034,0.050428192724686904,0.28107500378775807,0.0,0.3449896944526297,-0.29192402173318077,-0.2917342351248704,0.18782920018698837,-0.5477248797412796,-0.30577602603617327,0.4027904216731015,-0.37733244621099543,-0.5879474514546389,0.1515876293982678,-0.03777172124519948,0.6908325022878596,0.016150596664771793
0.16465809423627908,-0.2748296058881585,-0.315449352682633,0.2671145949302178,-0.24946328666582515,-0.28174796813845654,1.2198067952532134,-0.6303622521999989,0.26356720230905895,-1.01048859315669,-0.22549925292934087,-1.0409593099275467,0.3944104807077651,-0.4458717378011639,-0.20262682730654097,-1.0033080872644613,-0.11038890721603405,-0.6335300085003055,-0.015115493273552306,-0.4880239967520941,0.8890864057999011,-0.7743549803544048,-0.3691716184008695,-0.22698155217346078,1.5194848784863477,0.11838649361583387,-0.8472674287361202,-0.6811303166779576,-0.17180968032286564,-0.7240353211816434,0.25507345527934,0.2538014559006329,-0.11430028045216269,-0.4959283722056748,0.24946328666582515,-0.7255449795806965,0.46012173503213727,-0.39778409177383794,-0.1676549658487985,-1.2502643550113304,0.14781135132813844,-0.7270380658093986,0.6517478671036046,-0.20375726592241034,-0.246208235067589,-0.7200140507987773,0.0,-0.841570810414981,0.311901424072522,-0.2920975080183377,0.22473174074709162,-0.5590874652560538,-1.2792810299549895,-1.5394512484927227,0.1298676237165349,-0.2301279047120036,0.35225479589957664,-0.8730157623288293,-0.9401379701357405,-0.9863091264603095
-1.2036607613866799,-1.2200219436147899,-0.6560810656521265,-0.8072714229021294,-0.9355464840940361,-0.7959876386679708,-0.4197717994435578,-0.12022979127927723,0.15789612772676725,0.913575667682714,0.5596613193298932,0.09530258591363115,-0.5849505715588954,-0.9730410366322961,-0.20199587130463625,0.32329227876668254,0.5533811757536654,-0.21713799347016793,-0.219220598251644,0.3145454044670983,0.14534776828368923,1.0689136808384327,-1.0148889765194857,-0.1477116599437026,0.7515290662311603,0.5590143142765901,1.5559182374197384,1.5544575052089677,-0.7238768554952222,0.1287887283755401,-0.48940048679450837,1.1855972256150287,-0.0010602824249578422,1.2270636571226547,0.9355464840940361,-0.08705277883330587,-0.5389590077237905,-0.38658327532256975,-0.12026480444171458,0.6367621497029912,0.8598074382096529,-0.09060625270135693,-0.7633205708666436,-0.20375726592241034,-0.23561407693215053,1.8597154360203714,0.0,0.04557723060753164,-0.19299150143948288,-0.2668582451673572,0.6869481137331462,1.0297242195688392,0.6703222558629163,0.4721632236428946,-0.43230667817376767,1.1116135530494633,0.21114177102456272,1.1079691791092046,-0.48483741331920327,0.15688147266202065
-0.8042511757192309,-0.8756165178394161,-0.9107380897384809,-0.1869535868808611,-0.9471452903220374,-0.7583719143877792,-0.9873182417708228,1.487238140040659,-0.1215452590740827,0.0004604305411450232,1.9101372699925934,-0.48052983629552176,-0.770580390927467,0.1264990437630494,-0.2278885154170093,-1.4603222543018397,1.6214494451557333,-0.5544409165496409,-0.12495182946432717,2.9317364583942034,-0.012548805975866453,0.9217214299974464,-1.299897653230912,0.04803551375741204,-1.2215411370333205,-3.9698069642034737,0.19117397743142434,-0.005753712199503601,-1.3254053593828743,0.8567941625117312,-0.5640343853224813,0.8460731880249208,0.07665200876551033,-0.06900134574114916,0.9471452903220374,-0.5410486847181852,-0.7741447590103318,0.8506538940982964,-0.11901827707825546,-1.6421120486114904,1.211232875103723,-0.5866055638079938,-0.7996043769684448,-0.20375726592241034,-0.22501991879671213,-0.33497979903472525,0.0,-0.6752305527232599,-0.986372584720732,2.2921636892155695,0.3758753515256375,-0.40198660831629585,-1.025748829892836,-0.34850974605387103,-0.5861522233966622,1.491941342158876,0.8614955045094157,1.212607201543442,-1.4549449152338862,-0.9476078370584394
1.2301109569631594,1.5474937503668347,1.7076963210622595,1.5984094726841285,1.413475798366529,1.7182781064115698,1.2644452459842523,0.4119228507474281,4.300203419520754,0.5529335125751128,-0.4139367389674817,2.3429449724221993,2.0414393643480135,1.321320584854899,4.467200203761281,2.442693211232269,-1.0680931097778648,3.083920070202502,-0.5251357773840624,-0.37016888301509765,1.3185411178716615,-0.2729833658707368,1.7973912258987823,-0.2026517455016774,0.2525384033333625,0.08155807607379437,-2.5785132080812296,-0.2924848364165469,1.015830074345653,-0.24224912404802454,2.2226386666553233,-1.5426934231144014,4.142227369325394,-0.625392797303819,-1.413475798366529,2.8414237822452275,1.9908706777565446,0.6206927702252026,4.495438011620921,2.276927304609264,-1.374756572429001,2.7537135428989346,2.0894936838874787,-0.20375726592241034,4.5317570840151395,2.0522325619023976,0.0,1.9030434414984172,0.2098659310106235,-0.28829718444432817,2.6870438686362896,-0.5332720859575655,1.0297129464750574,1.2681453981148894,-0.24344226876701236,-0.1473314200915828,-0.133879536000729,0.6592772841123915,2.886407925169717,0.6656241321248181
-1.385118148383645,-1.2750139482371161,-1.504826876617191,-1.409237173476356,-1.4242399945819801,-1.1891731199662257,-0.5813206069093921,-0.3771309372997783,-0.5066577204572243,0.9461868704108316,-0.13127904976574586,0.6729123433226767,-0.6574093235589827,-0.9818743840154479,-0.2549786922930874,-0.6740593512884001,-0.012537733456296097,-0.09601281934771193,-0.040220206717468385,-0.07617928281702709,-0.4752170103734398,1.030978743415068,-0.19452841372028484,-0.1637900830894727,-0.3160224029600416,0.16011908337642072,-0.02883846106958315,1.0815494675574648,-0.19457814752559394,-0.013198538591041678,-0.4702569746663422,1.2398098077847521,0.2697516969057104,1.1620459101518326,1.4242399945819801,0.029479635814768097,-0.6134153405899607,-0.3557866622482388,-0.07242694278119359,-0.3188158120462593,1.032253855534638,0.07007936757201487,-0.7814624739175441,-0.20375726592241034,-0.2568023932030274,0.47359212966978403,0.0,0.38934709650375543,-0.40286586364959276,-0.2834060508583831,0.11529282778827366,-0.485894522623366,-0.10284557946299895,1.0872663492054617,-0.6424871477100578,0.6015114447510079,1.0988626143258193,0.8027157242643956,-0.346702540469491,0.46988195007291594
-0.21173709522060633,-0.4293121700556498,-0.3920127275518732,0.18088181354867885,-0.3334218010975295,-0.46749508738375856,1.8624592051784183,-0.5422818690287609,-0.4573445377622079,-1.0948942072473098,-0.03705884660215355,-0.99504674870072,0.617831908016758,-0.43507569375193,-0.2038332247299044,-1.0156134386126878,-0.10704021276633355,-0.6336893429758718,0.06551075797530442,-0.48424275289449525,-0.6070054139636856,-0.7885035277855141,-0.44700611431366416,-0.22252314025876677,1.84907425564724,0.12367099324962248,-0.43907092309942736,-0.809647658003896,-0.262454854281117,-0.7079919358071078,0.66151591783983,0.40609448033639933,-0.09419094996841244,-0.4289834649248021,0.3334218010975295,-0.7212832960953642,0.7035067347875171,-0.26300335327962143,-0.15876190737529236,-1.2366043575199126,0.20985583710679817,-0.7246949459618921,0.7787411884599089,-0.20375726592241034,-0.2568023932030274,-0.7200140507987773,0.0,-0.8360261351585904,0.24149575818587654,-0.29129801078865714,-0.15715457719204456,-0.558079820707663,-0.9866752528747591,-1.4923196748959722,-0.014878537673911115,-0.26523746394114317,-0.18108865670394433,-0.8365875057177092,-0.8441723607399119,-0.8359136357657581
