,Knee_Angle_Mean,Knee_Angle_StDev,Knee_Angle_Max,Knee_Angle_Min,Knee_Velocity_Mean,Knee_Velocity_StDev,Knee_Velocity_Max,Knee_Velocity_Min,Knee_Current_Mean,Knee_Current_StDev,Knee_Current_Max,Knee_Current_Min,Ankle_Angle_Mean,Ankle_Angle_StDev,Ankle_Angle_Max,Ankle_Angle_Min,Ankle_Velocity_Mean,Ankle_Velocity_StDev,Ankle_Velocity_Max,Ankle_Velocity_Min,Ankle_Current_Mean,Ankle_Current_StDev,Ankle_Current_Max,Ankle_Current_Min,Acc_X_Mean,Acc_X_StDev,Acc_X_Max,Acc_X_Min,Acc_Y_Mean,Acc_Y_StDev,Acc_Y_Max,Acc_Y_Min,Acc_Z_Mean,Acc_Z_StDev,Acc_Z_Max,Acc_Z_Min,Gyro_X_Mean,Gyro_X_StDev,Gyro_X_Max,Gyro_X_Min,Gyro_Z_Mean,Gyro_Z_StDev,Gyro_Z_Max,Gyro_Z_Min,Gyro_Y_Mean,Gyro_Y_StDev,Gyro_Y_Max,Gyro_Y_Min,Shank_Angle_Mean,Shank_Angle_StDev,Shank_Angle_Max,Shank_Angle_Min,Thigh_Angle_Mean,Thigh_Angle_StDev,Thigh_Angle_Max,Thigh_Angle_Min,Knee_Ref_Torque_Mean,Knee_Ref_Torque_StDev,Knee_Ref_Torque_Max,Knee_Ref_Torque_Min,Ankle_Ref_Torque_Mean,Ankle_Ref_Torque_StDev,Ankle_Ref_Torque_Max,Ankle_Ref_Torque_Min,Filtered_Vertical_Load_Mean,Filtered_Vertical_Load_StDev,Filtered_Vertical_Load_Max,Filtered_Vertical_Load_Min,mode
0,-0.04078649190930378,0.011803986494778386,-0.0195318460646382,-0.0508133182775353,-0.0006836744524770267,0.007403648470412199,0.0204474013489181,-0.0125634530676188,0.02534592132088898,0.007900527085933518,0.0340993479211809,0.010427157404299,0.0032355604066023,0.04940145227304581,0.0883510849330119,-0.0483718375194555,0.008610408487257326,0.019482980387915936,0.0426038392284921,-0.0459608752708518,-0.005493032504606191,0.046312158710968124,0.0449944558041119,-0.0857163202815841,-0.017228596202420298,0.016809981763313508,0.0100812809635711,-0.0452182582069358,-0.16022157634683848,0.004541881385574578,-0.153457238481806,-0.171076591285948,0.008208282244750044,0.005624525613136925,0.0182602415031383,-0.0023702709026357,0.08127557795175323,0.04071319491816889,0.181066316721091,0.0337229529709769,0.1787074154592407,0.039717764275387875,0.245999532049521,0.0590634886725466,-0.18236155816738162,0.3176494425881633,-0.0069480473240353,-1.19678334910123,-0.07503304675854527,0.0957471240496733,0.0832239753410444,-0.223548081911679,-0.03404309811940156,0.10406350835884517,0.116845199947101,-0.203802606280709,0.025301340360968153,0.007996322119462523,0.0348216193121128,0.0095319477930031,-0.006960912970187007,0.0466032165141615,0.0452894680623798,-0.0878831344543799,0.745030718974195,0.23044616689508188,0.923408714051739,0.217586799727368,2.0
1,-0.018235784889380154,0.02435030067140258,0.0519323302916552,-0.0643940549943541,7.866529040725734e-05,0.016552989075424396,0.133040355642364,-0.0480259610787276,0.011201407809087337,0.017315217406920776,0.0467848750267037,-0.0733766696167893,0.02202739614544258,0.03694750645292685,0.138248847926267,-0.0520340586565752,0.0017651961622486263,0.021695615975421727,0.0482701091545356,-0.106723227637562,-0.019653293009881716,0.038326658348090376,0.0507014170761233,-0.142755414492223,-0.011826270806760275,0.04386288091553671,0.119785149693289,-0.236345510218614,-0.16363955104067404,0.01677939988278899,-0.124240852076785,-0.244402396720278,-0.009898448614564173,0.0220553186579046,0.0287586087628814,-0.19805495366273,-0.005411670305894397,0.08128033877137207,0.180272835474715,-0.280922879726554,0.01742328183230345,0.3506944603927737,0.7355367697175,-1.44091107923622,-0.10194624478102135,0.26333631272051683,0.367493718273466,-1.3164667704296,-0.061448113029410785,0.13674386695592858,0.255877356283252,-0.427666046123641,-0.04302845063658962,0.13751344133220986,0.232388276823227,-0.405336670023703,0.011250530067490487,0.01757988171051376,0.0482497634815516,-0.0806807662180446,-0.020277110853120544,0.03881304927324572,0.0513829971210873,-0.145003611356955,0.4529662388640538,0.33208175004129065,0.949441002634765,0.0015157526373078,1.0
2,0.10143662962585874,0.2582462465260412,0.840062664672791,-0.064841659800002,0.0004805169237102857,0.20361534148356675,0.554907884965565,-0.518285673594368,0.013320146829649753,0.027074528192213985,0.0674459059419538,-0.10493280841497,-0.012121119899928917,0.08262342365027116,0.151585436567278,-0.256355479598376,-0.00047649908072606897,0.10976394814062343,0.389924822738324,-0.361033967101047,-0.012231510848304263,0.05691446621465774,0.123050630207221,-0.147048351491846,-0.017067597529647763,0.06355464257473367,0.121616260261849,-0.259498886074404,-0.1761329184525765,0.07969616369623976,0.127109591967528,-0.408673360393078,-0.011254890049732054,0.029789820122406233,0.0789717296873887,-0.192724387340922,0.010258578971003037,0.15534997210723153,0.363455102186143,-0.340932442192857,0.0026461342922130568,0.9771898935014153,1.59342224392427,-2.97000030518509,-0.04286562591995424,0.2276848485334463,0.626880703146458,-0.791843419700715,-0.02637303586249709,0.30207105008541973,0.638396354055401,-0.475000254320912,-0.12761641009034821,0.19674528568342978,0.259234392325612,-0.454461297443566,0.01315470288378828,0.029296669191054572,0.0753603727327291,-0.108371227149266,-0.011674483935851633,0.0632085453546883,0.19047619047619,-0.159123508407849,0.47595701386728584,0.4288317466141567,1.01130202134261,0.0013733329264198,2.0
3,-0.005253945383123091,0.027996007065735462,0.0464593442589597,-0.0503250221259194,-0.0033390712460014895,0.01589732940964235,0.0831120741396324,-0.0378429517502365,0.00433709143886546,0.020215231086627095,0.0334177678762169,-0.0692668436740216,0.009427838551457344,0.036652130584053234,0.114403719189021,-0.0378327789137445,0.0015365311969510807,0.03280112215436045,0.054750205999939,-0.116122928556169,-0.009265506054244588,0.041110241453104004,0.043295592109948,-0.13215531886756,-0.021525505573740396,0.05809367944532896,0.0749025950905891,-0.183609525844091,-0.16644816712541827,0.018049750564274526,-0.140517390463983,-0.221167638172552,-0.01286257774914953,0.0312894156293735,0.0272123376160975,-0.175430565304524,-0.05846545575281474,0.16854892153129014,0.266162093976664,-0.39000620543026,-0.017173912431790506,0.49480395463319987,0.603686635944701,-1.18058819340597,-0.010462004780367387,0.26061115242661526,0.868923001800592,-0.527970213934751,-0.06232658830985249,0.1520159758094977,0.228207241025015,-0.361878312529883,-0.05690987754285733,0.15149545893338137,0.196518855352438,-0.348399304177984,0.004868243369745598,0.01994509429151364,0.0341705577766249,-0.0704774112165695,-0.009079581234103592,0.04265684806357612,0.0461948505101677,-0.132836898912524,0.3889144652756719,0.4045062726303296,0.957599617501348,0.0016785180211798,1.0
4,0.05904796171158506,0.20549220688314593,0.649871313618376,-0.0555436872463149,0.001731702324243267,0.16422222150724025,0.45219275490585,-0.41778822188991,0.01572720521663055,0.024686447024234885,0.0493280841497035,-0.0932747377951394,-0.016890477993031425,0.06241185923471486,0.123365988138473,-0.117526779992065,-0.005426048208179762,0.058676870393099594,0.132185837377036,-0.277352214117862,0.0033425799062921225,0.0365765791121548,0.0523392437513352,-0.125298827071952,-0.02014453637476158,0.05253815321281277,0.120436211228777,-0.155858027893918,-0.1675378719532577,0.05778499840161196,0.0449130731121759,-0.333801283811965,-0.013166327482881528,0.021504968213952858,0.0259102145451216,-0.109388510798466,0.03226734499854277,0.15940645503320944,0.316456597593107,-0.297453739026053,-0.031230429559621634,0.7816680622290172,1.20189011302021,-2.55992309335612,-0.12230837008493609,0.19900929859212368,0.117648854029969,-0.71874141666921,-0.020902858870454632,0.2332029080232202,0.541734061708426,-0.32954903815831,-0.07975539503890397,0.13597431117388015,0.259814244005656,-0.318399609363079,0.015800556721862334,0.025781909625690273,0.0453098137353638,-0.0985340942615029,0.0046020484523278645,0.038731087308130185,0.0858078758100121,-0.126570431633452,0.4695331578251332,0.414271678987222,0.970641193884091,0.0016785180211798,2.0
5,0.024205911497568174,0.034696033755430615,0.053865169225135,-0.0531632435071871,-2.311725190585881e-05,0.004109495956466907,0.0208034506261381,-0.0266324859360536,-0.014326540577472494,0.021205150396585878,0.0345469527268288,-0.0358083844518367,-0.004733877559324741,0.023223139007612668,0.136651712597023,-0.0686666463209937,0.0009055485349142501,0.006918209996844761,0.0379345072786645,-0.0377005320393485,0.003977589448817,0.02244924938679214,0.0705384482355215,-0.142317982523067,-0.009538923452311896,0.013390580750237552,0.0396231981363364,-0.113335571357362,-0.15994825555576986,0.00352205376079366,-0.140639464501887,-0.185196488336843,-0.016071462307876122,0.010924608352228773,0.0425529750460321,-0.0921760714540035,-0.0003274200088067855,0.052586362341804145,0.271655425682343,-0.269152907905311,0.012486347119187656,0.07788296096370517,0.544796085492518,-0.199509669281086,-0.05522709404206029,0.1968074726481858,0.477309488204596,-1.41414634642577,-0.04391305214367615,0.04761652353256167,0.154321929583626,-0.197180089724418,-0.06800608667796475,0.061965665842473615,0.203721223588773,-0.161636199021373,-0.01433435705285869,0.021265569765814698,0.0349436933500168,-0.0346385082552568,0.003938091854070004,0.02281042827295236,0.0706198309274575,-0.145624154382967,0.5221226183884607,0.21547708732014514,1.00767031871497,0.0016785180211798,1.0
6,0.07653290951731455,0.2532448931946988,0.850713624479914,-0.0634784997100742,0.01033294128786542,0.20270754166461186,0.570726645710623,-0.532914212469863,0.021679410100687586,0.030162856265780764,0.098025452436903,-0.0984425387330749,-0.004466814251048385,0.0871606382119759,0.143223364970855,-0.206366161076693,-0.00836864481384885,0.10813504689212453,0.336842961923073,-0.322336497085482,-0.018066331589083127,0.060565417943025314,0.112114830978322,-0.140883612577695,-0.020910500167069287,0.05852598454813971,0.116326385286009,-0.209896135339417,-0.1778213383853204,0.07737174047806016,0.0966724651834671,-0.373800876898506,-0.0085816483594736,0.023124358194644888,0.0447096163823359,-0.128269295327616,0.02311706665477227,0.12497544912421156,0.313730277413251,-0.239722891933958,0.029438154240546566,0.9056369919615977,1.4522537919248,-2.91461938332265,0.015049850811440177,0.18684022425087182,0.543972085736666,-0.50434888760033,0.019671448682343825,0.2579730986504926,0.617613249102247,-0.475834426913256,-0.05668320143859559,0.20574961863450136,0.254717652923165,-0.465875219987589,0.022170053829955547,0.03213602983982268,0.102440463474431,-0.101738537756483,-0.019757526529583798,0.0648406030940934,0.138981292153691,-0.15357931251971,0.49780133702372537,0.4119562671661379,0.972421440270191,0.0016785180211798,2.0
7,0.7765706011807272,0.239487518949047,1.05463830479853,-0.021505376344086,-0.010676854300011758,0.1642262317910236,0.463311665191605,-0.428937650685141,-0.037683423177975635,0.08641488254956495,0.149856054363638,-0.239458398185166,0.1585567581081359,0.10291732270918905,0.279437645598722,-0.191208634703614,-0.0004876796160709881,0.1054832534226838,0.340840886664429,-0.300078330840988,-0.013844151528407027,0.033412653821360376,0.10508540096235,-0.08712017171748,0.04146663941579558,0.044307188015946,0.213334554073712,-0.0487584053061515,-0.14867353918838647,0.04257835347697101,-0.0581987975707266,-0.294208604185105,-0.01595501510049684,0.028037522826967205,0.0136621194087547,-0.212500381481368,-0.006717000628557982,0.11539396123920737,0.239641509242022,-0.341868343150121,-0.13196773792800273,0.3711005469502807,0.971638131860307,-1.41001617481002,-0.0170912901098759,0.15098926265468568,0.268573056225267,-0.399711091443627,0.19780710637365187,0.12465951674380787,0.450158187607451,-0.22171697134312,-0.578535068387664,0.21198413475035027,0.0511388490452793,-0.806532995595162,-0.03773752417204671,0.08755596534261174,0.162979013438317,-0.244809310179957,-0.013342291594801749,0.037605103967446325,0.125227617216508,-0.0841903948077843,0.14801939497517366,0.24288795635515498,0.784295175023652,0.0016785180211798,3.0
8,-0.0531495627960427,0.023949898677846655,0.0173345133823664,-0.0669881282998138,0.002540753610743055,0.03135845670485827,0.0952279224016032,-0.0729595833206173,0.05339336008438542,0.023599627180257845,0.120069989115065,0.0075075533310953,0.0687922282335501,0.02852855694236243,0.101606290882087,-0.0176702169866024,0.01229510065670919,0.028982803606854908,0.107872758161158,-0.0507726269315673,-0.06318418902673667,0.02643438049760902,0.0167953530482905,-0.0942106387524033,-0.025596610551195838,0.04706982940815747,0.0253812270475377,-0.252133752454197,-0.16224516606103198,0.01732337659653406,-0.10971404156621,-0.218075095878984,-0.01164368833375602,0.01899964165204321,0.0550859096041749,-0.0730918301950133,0.033116090656109334,0.07437472845493723,0.17103589993998,-0.141636402478103,0.16571024464268602,0.10179617111262498,0.420951974038921,0.0043539740185756,-0.00947091077405111,0.13509201137362228,0.221167638172552,-0.597206539099297,-0.09227464273173631,0.06983405754336641,0.043132826726076,-0.211503443505153,-0.03895038777800344,0.08521313160454759,0.0830917284666484,-0.208268481500697,0.052477103225175036,0.02309644419194255,0.112928657897682,0.0013428144169438,-0.06548605637365039,0.023612552601224895,0.0126651814325388,-0.0941292560604673,0.7838545859673087,0.12944360759044146,0.864640237637461,0.303069144769636,1.0
9,0.6594034801820566,0.29032268141301476,1.03209529913226,-0.0250048320973337,0.00543109144800263,0.1289740251165123,0.478214870652384,-0.226284574928027,-0.03893352357631427,0.06201325227873835,0.0737937559129612,-0.214860479547512,0.14838044614560522,0.07104792641378053,0.28670105085401,0.0170700196335744,-0.0007579310113232532,0.05927996409984345,0.319630522578611,-0.118157495854569,-0.0069465159292946155,0.019813464886794738,0.120202235989461,-0.0562354401277708,0.024796234256578408,0.07240875147241703,0.455692210659098,-0.135146132796208,-0.1574344893941616,0.041781316152089465,-0.0425733207190161,-0.318826868495743,-0.017216049060636996,0.024488587230503976,0.0164291309345785,-0.199560533463546,-0.024514457624283913,0.10423058332316879,0.270037944680115,-0.227546006653035,-0.01763269781545452,0.4048672672346012,1.53052359589424,-1.02796512751651,0.00980245773541939,0.1930006251289762,0.63177383749911,-0.446048361664683,0.11800501269252776,0.1657522498320155,0.503250221259194,-0.064994252347382,-0.5412198412315564,0.25535940644340227,0.0919014048687195,-0.86413159581286,-0.03861018051534278,0.0622549605514501,0.0720440280363374,-0.224890896328623,-0.008591780807532869,0.023302027759688253,0.130710776085696,-0.0602638833786025,0.15666058812339936,0.2188559151216063,0.53992329681285,0.0015462711467838,3.0
10,-0.007071757552424074,0.03442442457411326,0.132328257087924,-0.0625019074068422,-0.0028402132653361383,0.014354331670934755,0.0904161707408877,-0.0417798394726402,0.010730599600499184,0.01593385375725641,0.0461032949817398,-0.0689107943968017,0.014970004715785539,0.03310809000340585,0.120975371562853,-0.0352488784447768,-0.0003290165648636106,0.01612040324542686,0.0406455682037823,-0.0903347880489517,-0.010990220347195339,0.030898473985791274,0.0361390016378267,-0.120263273008413,-0.012960691661823896,0.03327961483009695,0.0750246691284931,-0.168106123030285,-0.16166849599876715,0.012108132436572232,-0.115492212693665,-0.22080141605884,-0.013892182018650712,0.01780118137926521,0.0309966327911211,-0.103040660827459,0.022094227071795987,0.09793508178532444,0.308572649311808,-0.227851191747795,0.021335034686882554,0.2507659732818395,0.575497706025371,-0.972823267311624,-0.2206969488533257,0.528929752180486,0.705933815525783,-2.60314238919238,-0.06089815617694277,0.10004774964034148,0.205481124301889,-0.294356110314239,-0.053655345580147965,0.1000973840146653,0.167383851639353,-0.28123315123956,0.010669953844489197,0.016148778548979215,0.0467543565172277,-0.0745872371593371,-0.012155152402962695,0.031354097909270996,0.0378378653319905,-0.122501297036653,0.42396245782274417,0.3354097789613219,0.884080528173671,0.0016785180211798,1.0
11,0.006584731735035408,0.009626818500001091,0.0155644398327586,-0.0090131331319111,-0.0010914000293559426,0.0026173553900488617,0.0001525925473799,-0.0076804915514592,-0.0034812899737976634,0.005265202754750755,0.0048015788242235,-0.0090334788048951,0.015227282966166605,0.003872991390077863,0.0228990549434899,0.009918515579699,-0.003942700771827628,0.00530375970190478,0.0001525925473799,-0.0177312540055544,-0.0063514831268973865,0.002373369114830343,-0.0025228634500157,-0.0096540218309071,0.0014925004396118566,0.0072302722720615055,0.0155746126692506,-0.011363058361563,-0.15980508845281322,0.0037031704496681395,-0.153701386557614,-0.167902666300445,-0.027215244140809485,0.012375447156182566,-0.0087181208736432,-0.054170354319895,0.06358313459970619,0.08176930522839317,0.179418317209387,-0.0397554450107323,-0.056614014971508704,0.1164585204124407,0.154311756747134,-0.214199245175532,-0.6390532286403127,0.2609925317003157,-0.340535701569669,-1.0424614195176,-0.020185087493660155,0.023288066475269802,0.011068046103295,-0.0561031932533748,-0.026607780476001545,0.021019442679672228,0.0023804437391277,-0.0602028463596505,-0.0032073500196916857,0.005637134691227563,0.0054017761772515,-0.0090029602954191,-0.010060208659409042,0.0031862245928092866,-0.0044658752199875,-0.0160425631478825,0.019108220087864194,0.035401058951011574,0.117160557878353,0.0016785180211798,3.0
0,0.006256682718781415,0.02320540585261613,0.0331532741274249,-0.0345266070538448,-0.00021129990912012282,0.002871650843350513,0.0149540696432386,-0.0081687877030752,-0.003358977423369625,0.014145237347095014,0.0229194006164739,-0.0227362895596179,0.006294034889412334,0.032610764100284066,0.142348501032543,-0.0369986063214006,0.0032963872996096405,0.011091651013277498,0.0445163324889879,-0.0145369833470667,-0.006712053048469045,0.03399749230588391,0.0377819147312845,-0.139347514267403,-0.014837975058845182,0.015584717411040776,0.0317290770185451,-0.0527868485569831,-0.15989454728975044,0.005481904029921714,-0.149469486576942,-0.210547196874905,-0.006487241127519901,0.006359696152826876,0.0049134800256355,-0.0318308053834651,0.012525246689343534,0.04893805489881055,0.215348775699128,-0.0636412650939461,0.029443178534600583,0.12116922819118228,0.585131382183294,-0.269163080741803,-0.014011451507680373,0.04817201781223462,0.0733766696167893,-0.271360413424075,-0.07647853053920457,0.07423952548120479,0.161697236040325,-0.201869767347229,-0.08259986017397407,0.07551265639020524,0.188899400819931,-0.219061861018708,-0.0033650345321205783,0.014179009734383697,0.0247505111850337,-0.0229194006164739,-0.007383693222662171,0.03439323901476841,0.0381684825179805,-0.140588600319427,0.44295213074719636,0.28082688792082106,0.897284869940285,0.0016785180211798,1.0
1,0.1343663848790958,0.22659983662810276,0.760104169845678,-0.0129703665272988,0.0017699718212429282,0.19559076610606865,0.51676992095706,-0.432874538407544,-0.003984191412091428,0.02383914178672564,0.0560726747438988,-0.103284808903266,0.026451918088320557,0.033611921909976375,0.142592649108351,-0.065635141046378,-0.00792494481236205,0.0635718913449192,0.158268990142521,-0.27835932493057,-0.015290180160934226,0.03620945095748233,0.0506810714031393,-0.135939614042583,-0.035453962828455456,0.06824031057005335,0.101270587277851,-0.246436964018677,-0.16819727164525278,0.07172267956679915,0.0792972604551327,-0.346537675099948,-0.010574053163243502,0.015264236699066638,0.0312814722128971,-0.0388297168899604,-0.03322580645161289,0.10808365210507866,0.266355377870012,-0.202032532731101,-0.14544307789340907,0.9564149688374408,1.45145013784193,-2.9009572639139,-0.012342092145552987,0.13866889476620875,0.27876623839025,-0.359070609658091,-0.1041087069307535,0.31482652944211725,0.556535538804285,-0.545701467940306,-0.2383535264137699,0.19837242479997086,0.21332438123722,-0.54633218380281,-0.00450137841934466,0.026105185074680303,0.0608437350586464,-0.107242042298654,-0.014543595690786431,0.03878911666543875,0.0901415041556037,-0.142704550309763,0.04065340128788106,0.12661673503963697,0.698243151137832,0.0013835057629118,2.0
2,0.435403656777295,0.4173124499002745,1.32839950763471,-0.0441602832117679,-0.0011076706761389678,0.15932983985521187,0.223649810276599,-0.445733003733431,-0.0426768705715512,0.054282966656302944,0.0209407839187801,-0.17073071484522,0.1495774354939063,0.19979600572046358,0.519119846186712,-0.0687734611041597,-0.0006064866404537476,0.10043192048076607,0.122735272275969,-0.512843206071149,-0.02978022274112854,0.043041720226913084,0.0620899075289163,-0.124652851954711,0.01671562000551533,0.07986030580316074,0.173863948484756,-0.447859126560259,-0.16201163167623323,0.04776128101716446,0.0371817173782566,-0.32517471846675,-0.010666081591097592,0.018916535197931194,0.0150659708446506,-0.157933286538285,0.0169483236402698,0.14286404851517165,0.657918027283548,-0.2119510483108,-0.014089859689090739,0.8259379492121343,0.949217200231941,-2.52685120192063,-0.021194314374190476,0.15499567150346058,0.573931089205603,-0.364431694489374,0.10420575991501009,0.3972121430592988,0.901979633981343,-0.488519954018779,-0.3310411114566209,0.13204536890717505,-0.106423128961048,-0.606443474634032,-0.042866202180451264,0.054133452988164805,0.021993672495702,-0.172144739117608,-0.031233494916468613,0.04558224051314842,0.0599485254473505,-0.148757388022502,0.3457876689824991,0.3469856127535473,0.801680552588478,0.0015106662190618,4.0
3,-0.06008871209656948,0.008383049502227577,-0.0158797977640105,-0.064699240089114,0.002195595856529212,0.015754058862707736,0.0694499547308776,-0.0385957416506445,0.032104727614859385,0.01228167257266144,0.0422783084607481,-0.0076601458784753,-0.03801415314485793,0.0730517596466386,0.108483128350678,-0.119683421328369,0.008045969311281603,0.031748511441183506,0.0516678365428632,-0.0407727286599322,-0.005452888477674715,0.037652407736063195,0.0349335205135248,-0.0945870337026073,-0.03241140141739867,0.01951648120913501,0.0015767896562598,-0.0679240292570777,-0.16121936084316438,0.016820713693849975,-0.143040253913999,-0.241065706350902,-0.004685707735400037,0.0067324862084350645,0.0044251838740195,-0.0253201900285857,0.02403419462521904,0.06832764013680478,0.172521134067812,-0.0812300993886125,0.21665213935992023,0.1472611110868582,0.732657856990265,0.0149133782972706,-0.05752317235687998,0.10371819600291565,0.106367178360342,-0.348378958505,-0.1705041831448009,0.15811081744133254,0.1746981210771,-0.411399680572934,-0.11021920973932481,0.15584383139980507,0.190822066916918,-0.355764437798191,0.0318325422092076,0.01328906134959224,0.0412915433210242,-0.0182704143396303,-0.006345616909338438,0.03861148605940648,0.0348012736391288,-0.0958789839370912,0.6507625533422606,0.3069368866806985,0.949797051911985,0.104709006012146,2.0
4,-0.011768628239064728,0.023862871355501736,0.0446485793633839,-0.0291451765495773,-0.0001896370274358005,0.020078492650310507,0.122236803287861,-0.0389619637643564,0.007085284646521755,0.018150662029305917,0.0281380657368694,-0.065726696574806,0.009592217050710419,0.04366013832667275,0.130110578732668,-0.0534786014384391,0.00247046374506639,0.031740864237377014,0.0475580106000956,-0.116967273985005,-0.010619097715468831,0.047098304238823774,0.0550960824406669,-0.135583564765364,-0.02736397046192165,0.06575416221409526,0.0801517787204606,-0.264341156244596,-0.16544352703373716,0.021222945148893783,-0.117038483840449,-0.232642597735527,-0.01250548709364557,0.017817107347351636,0.0141504155603707,-0.0879441714733319,0.002383322843795373,0.08890066699950301,0.154352448093102,-0.169438764610736,-0.0055808564875729355,0.5093873454205515,0.64719585762098,-1.28710796431369,-0.09820606826971379,0.19039750697879934,0.281431521551154,-0.521429080070396,-0.02370002186200145,0.14329855440001446,0.205196284880113,-0.40807316304005,-0.011758455402572738,0.14756251946198037,0.19647816400647,-0.401562547685171,0.007285094510449517,0.018540802190795794,0.0235094251330098,-0.075828323211361,-0.009887805129911904,0.04844490446165044,0.0568254646443068,-0.137699514755699,0.4140728332865958,0.4238641613934215,0.961902727337464,0.0016785180211798,1.0
5,0.05754902782399959,0.23415197015835174,0.777743868322805,-0.0635700552385021,0.0001892470534701553,0.1846284178425804,0.519892981760104,-0.502243110446486,0.018506165788492523,0.02801967889446138,0.0560116377249468,-0.103437401450646,-0.02018436086248212,0.06374578371523751,0.134790083518988,-0.117730236721905,-0.004669493423422699,0.07131576845926012,0.201422162541581,-0.303313292845444,0.00035233538453242793,0.04176256697364863,0.0551774651326029,-0.135186824142176,-0.02005485903920306,0.0657665812975521,0.158075706249173,-0.216203293964456,-0.16781224108718232,0.06702745023437605,0.097893205562507,-0.369284137496058,-0.008315728674626361,0.02101595351799098,0.0281482385733614,-0.0936409599088514,0.007438119685197516,0.14582539627225352,0.241299681590218,-0.413098544267098,-0.029602954191717358,0.8124992776884966,1.44661804050823,-2.82831303852453,-0.11448025767310423,0.2295567908806686,0.253069653411461,-1.04939929400515,-0.048894527546830144,0.25305619706375476,0.586555579292174,-0.375540431938637,-0.10625253210781331,0.15090251082231748,0.238085065258746,-0.343150120548112,0.018079552550209006,0.029945943562713462,0.0586260567033906,-0.106428215379294,0.001202009442007015,0.04452791753626978,0.10742515335551,-0.141056550798059,0.49334284735755723,0.39465560296015545,0.950692261523281,0.0016785180211798,2.0
6,-0.009188140403765052,0.011034056641340488,0.010457675913775,-0.0222785119174779,0.0004107067207447368,0.004309669412683644,0.0128177739799188,-0.0122684408093509,0.005744721461702107,0.006375301024273528,0.0150049338256986,-0.0056357514165674,0.02194418768090191,0.011774871586897587,0.0400301115960163,-0.0132653787855668,-0.002928052700120832,0.006647727731631335,0.0077415285704112,-0.0177821181880144,-0.013695569074508085,0.012550897130524718,0.0186468092898343,-0.0360932238736127,-0.010035416988878334,0.027559189444504386,0.0495925778984954,-0.133030182805872,-0.16015820657375587,0.004670133591186723,-0.149388103885006,-0.175227108574684,-0.019943414890170427,0.025322027355522716,0.0226549068676819,-0.109754732912178,-0.00796446886844782,0.0927696303261565,0.215277565843684,-0.170110171819208,-0.008088784378799183,0.10711191479488288,0.21535894853562,-0.212988677632984,-0.47735552460024616,0.4569384528030742,0.0141198970508947,-1.59763379823196,-0.008684326365974871,0.05808011608249849,0.075675730663981,-0.139011810663167,0.0006639931072998142,0.0639214008887343,0.0888088625751518,-0.126804406872768,0.005586956285597374,0.006655020092506311,0.0146387117119867,-0.0071820225633513,-0.01540684707761133,0.012580566142595367,0.0226955982136499,-0.0387686798710084,0.26951516433700085,0.35168627816190023,0.879238258003479,0.0016785180211798,1.0
7,-0.017386733943025326,0.0027312066431718937,-0.0128991566718548,-0.0225328328297779,-0.0004292936999624133,0.001761517879532206,0.0001525925473799,-0.0066326893927833,0.010623154054044867,0.0022685147322267702,0.0159916989654225,0.0074159978026673,-0.02885152066950828,0.005916320485790397,-0.0162053285317545,-0.0339874467197689,-0.003011159601631727,0.006030938098745251,0.0069683929970193,-0.0131331319111708,0.027577203351610527,0.004596665171685692,0.033061718598997,0.0173243405458744,-0.023708812728253016,0.004566473525541532,-0.0145369833470667,-0.0301217688528092,-0.15896955948227035,0.0015551842960931986,-0.157119459618926,-0.161636199021373,-0.008113176196918948,0.0049525579976300044,-0.0007426170639159,-0.0155135756502986,-0.05203541503477415,0.02811219982406523,0.0165715506454665,-0.0717897071240374,0.04264792151995742,0.040105217765030794,0.0818099510686565,-0.0353607796461888,-0.021036747676354585,0.01689075336033392,7.12098554439934e-05,-0.0467645293537197,-0.13185013377279986,0.017244866709126973,-0.100914538000631,-0.150059511093478,-0.11424502293974632,0.019727236588740104,-0.0781477299315368,-0.134413688568784,0.010845600078669906,0.002390189422621057,0.0175481429486984,0.0078127384258552,0.02797869129849475,0.004095963597517937,0.033000681580045,0.0201523890906501,0.589330050898092,0.23590073873633705,0.91552476577044,0.25973286131372,2.0
0,0.001536340520684529,0.03196780362145859,0.0272428561255735,-0.064719585762098,-0.0009376933141697088,0.007218890057743034,0.0478835413678396,-0.0251523382264677,-4.5487111742796406e-05,0.020050741665836955,0.0461745048371838,-0.0181381674652343,-0.005863138533202922,0.030504066229789645,0.137557095044811,-0.0174769330932544,0.004922102715614411,0.011966170162949622,0.0535091199479151,0.0001525925473799,0.0024517020366503165,0.034133916479717696,0.0157272052166306,-0.141412600075279,-0.012554345956854576,0.006407182584010745,0.0137841934466587,-0.0358592486342967,-0.16068731558706198,0.008075619223718371,-0.156305632699566,-0.23540960926135,-0.014423435114984527,0.005713133598445426,-0.0003560492772199,-0.021617277545498,-0.0005020537019194178,0.04126470601298274,0.188716289763075,-0.0615761792860703,0.04881493721179989,0.13482510614958962,0.861303547268085,-0.125105543178604,-0.01841273716636125,0.07459279639320779,0.10874762209947,-0.35056611835078,-0.06258784365416041,0.04416774392643067,0.170099998982716,-0.102094587033703,-0.06400322430474721,0.06615392880973088,0.214565467289244,-0.104251228370006,-3.5411159407863656e-05,0.02008780580117243,0.0471867020681377,-0.0194708090456862,0.002011605753175029,0.03469085761390745,0.0157170323801386,-0.142206081321655,0.4234268313891106,0.1977552160453345,0.878241320027263,0.25622323272398,1.0
1,0.09220182479270171,0.251869145285292,0.797316405733411,-0.0642414624469741,0.0006961968047656041,0.2015218911206095,0.511693675547553,-0.496139408551286,0.014881735421656028,0.031072760107984942,0.0489313435265155,-0.109327473779514,-0.009248982314791454,0.0785208774287712,0.14900153609831,-0.23444318979461,-0.002254086401648233,0.10649259753628271,0.355316832992543,-0.41137933489995,-0.009633569075433729,0.053746121344713814,0.10691651153091,-0.139835810419019,-0.010910313596424283,0.06544595462492349,0.137689341919207,-0.258644367809076,-0.17636732292170287,0.07746077952771614,0.128126875616728,-0.407778150781782,-0.010546661462457682,0.029214658913421895,0.0612303028453424,-0.199967446923226,-0.02950309977036159,0.13039489846072455,0.230018005920591,-0.378480381684825,-0.015784922678411518,0.9455625633068128,1.31158380891344,-2.96101769056266,0.024895019004464856,0.24728491326601637,1.06730348623107,-0.554363638213243,-0.008835965153216312,0.28574100120004947,0.624083173111159,-0.456546728924426,-0.10085119870815686,0.18438258025087081,0.260628070925016,-0.412264371674754,0.01560143683284263,0.0322912897958186,0.0501317382325714,-0.114301990824101,-0.00841347119133019,0.06077223311574921,0.191523992634866,-0.154159164199754,0.47804150410206236,0.4408988187659293,1.03352966907763,0.0016785180211798,2.0
2,0.6427285291386369,0.29035215530696745,1.00563575141657,0.0032044434949797,0.006840505909691382,0.1822574287850468,0.499455753247678,-0.372173223059786,-0.035548795463496256,0.0750350502207507,0.0567135634428948,-0.236823633533738,0.15374280453475977,0.09411762883371834,0.286894334747358,-0.0686157821385337,-0.007767687292819314,0.08623741281448657,0.34369945371868,-0.15546128727073,-0.0029005300047812224,0.028415354666701163,0.135807367168188,-0.0372936185796686,0.014845074966538604,0.0974928647346195,0.487350077822199,-0.188166956592507,-0.16263313699758908,0.05591109826483872,-0.054740033163447,-0.373800876898506,-0.01651850656947247,0.02071471970814321,0.0170395011240984,-0.0988494521927549,-0.007605830197919821,0.09749928084518249,0.227240821558275,-0.238339386171046,-0.09282222822903978,0.5983746140185251,1.64189580980865,-1.16494237088127,-0.0584282313651801,0.213897620011009,0.312285734631387,-0.698558509069084,0.11140981707786728,0.1716672304453391,0.469435712759789,-0.182744834742271,-0.5311339660837632,0.2834041633388372,0.131412701803644,-0.84372488580991,-0.03512662274907827,0.07607537417161427,0.0790734580523087,-0.243313903215634,-0.002155369731742319,0.0368167099113127,0.179530218410799,-0.0691244239631336,0.13077163144685344,0.20322890952088035,0.624205247149063,0.0015157526373078,3.0
3,0.08477466946021602,0.018265838816201505,0.11296934924365,0.0471205786309397,-0.009782730327392858,0.014756425307883195,0.0060630105492314,-0.0503199357076734,-0.01037032220911548,0.0201795470803758,0.0341705577766249,-0.043921221554206,0.017219073803044157,0.04780076009547089,0.087445702485224,-0.0519628488011312,0.020097544233041106,0.019095323539086786,0.0467747021902117,-0.02175461083814,-0.023307074146266805,0.04599832915333128,0.0566626992604348,-0.0893683685822118,-0.006944508946125129,0.028020437153310537,0.0274157943459375,-0.101860611794387,-0.16084183318051948,0.013199756109368443,-0.114759768466241,-0.193843399355042,-0.013819577225761315,0.01036214354435082,-0.0001322468743959,-0.0424715923540961,0.015126565566363815,0.07802715274508099,0.133472701193274,-0.112369151890622,0.19015972680184157,0.13601520175410398,0.391664377778456,-0.0601774142684205,0.003582386485519401,0.035981648830405506,0.116901150547807,-0.0499181086662394,-0.023202249700675342,0.0822838964815801,0.0842717774997202,-0.17576626890876,-0.10786170073018854,0.09804026135159988,0.032797224850205,-0.288694926806441,-0.011242974661233474,0.01952107224969626,0.0314951017792291,-0.0452742088076418,-0.02700224642767578,0.045015968658707134,0.0553809218624429,-0.0916623432111576,0.7244017155825296,0.10454011956237941,0.798435417747531,0.449451175471257,1.0
4,0.6129285686622739,0.27941555544874486,0.996536149174474,0.0401877905616423,0.009360972751611317,0.16161044352358525,0.492924792219815,-0.182566810103661,-0.04406471208998786,0.06873410683646765,0.0990986866868089,-0.189118116804509,0.1261865409089911,0.10236299627125096,0.292896308277637,-0.0380362356435845,-0.006378993128338205,0.0792500530370697,0.316217535935545,-0.144469537441125,0.014687166538435388,0.027364450371749074,0.111229794203518,-0.0427818638671021,0.007759732593607509,0.053870537476773665,0.169042023987548,-0.12533951841792,-0.16253426416571942,0.06599859774174378,-0.0465203812779117,-0.447716706849371,-0.01212013156154645,0.01767810180564398,0.021942808313242,-0.0988087608467869,-0.019242009460024065,0.09433705002996619,0.229026154362621,-0.195898312326426,-0.06291203334120377,0.5038042193274628,1.6052786848557,-1.10838139998576,0.013768131073250336,0.20308219471654115,0.857620980457981,-0.309661142816452,0.0686287212726683,0.18310571607948348,0.468825342570269,-0.146997487309386,-0.5441589446806505,0.29339374674209673,0.065014598020366,-0.853424685405031,-0.043874194494282454,0.06913817675198339,0.107811721142206,-0.189316487116103,0.015597903110692785,0.03193710601433588,0.133035269224118,-0.0629240801212602,0.16166511129350827,0.20453674856949478,0.567318745485804,0.0016785180211798,3.0
5,-0.004111965090628097,0.06590020421379612,0.199850459303568,-0.0633665985086622,-0.0063333988387945005,0.024170596889527336,0.0984018473871069,-0.0611336608986684,0.014842881491113456,0.021972264399064925,0.0521968240404472,-0.0693024486017436,-0.002737396212111044,0.031076981366323884,0.0910977507858516,-0.0568966744997508,0.0006082785782785726,0.018952059394260094,0.0493942075869015,-0.0930356761375774,0.002669276236909954,0.030473519062393897,0.0573239336324147,-0.0963418479974771,-0.021552817889969263,0.04516938631110892,0.0945972065390993,-0.205989766126489,-0.16384265873451617,0.01783769911696754,-0.129734183782464,-0.234331288593198,-0.013212993431294886,0.023592059989270324,0.0226142155217139,-0.105970437737154,0.054625469911364195,0.18004767942256927,0.614663126519568,-0.273181351156143,0.012926822984183588,0.36213526326789564,0.811298969491663,-1.28929003774122,-0.31332402946623894,0.4881911936951751,0.474603513697724,-2.13238929410688,-0.10403436631357417,0.15652232144126055,0.265999328592792,-0.523982462029888,-0.09975892278978726,0.16776505709438114,0.248715679392885,-0.508763898637857,0.01492773435624531,0.022087207290204428,0.0523341573330892,-0.0721050650552894,0.002568260921276785,0.031194577530155945,0.0572679830317087,-0.0963316751609851,0.36200086193397796,0.34274046746703535,0.89094719280577,0.0014852341278318,1.0
6,-0.05112127778224767,0.013137812691288447,-0.0278227078056174,-0.0631834874518062,-0.004272128924980864,0.006565645718455399,0.0054831588691875,-0.0210577715384381,0.033115357191409324,0.008325216939038722,0.0417696666361482,0.0168360443942585,-0.04457644470462246,0.01668540415786307,-0.0133569343139948,-0.0658894619586779,0.001538410318585499,0.017983553534375495,0.0349843846959848,-0.0263781650237536,0.03882463047171441,0.021020995464766448,0.0706910407829015,-0.0031128879665517,-0.03112055643566003,0.00988615671614857,-0.0069277016510513,-0.0496943062634154,-0.15820517871361708,0.005069553936046444,-0.147841832738222,-0.17123935666982,-0.007430794655746559,0.009931964033118107,0.010691651153091,-0.0298776207770012,0.017154176735462795,0.05862805526708302,0.107486190374462,-0.0876288135420799,0.09377135717661257,0.11681200821833759,0.232734153263955,-0.0811995808791365,-0.22821602665653085,0.3408110158411429,0.0086672566911832,-0.940448215175838,-0.15657937448153214,0.03950777835539412,-0.0687175105034537,-0.19612211472925,-0.10523521909977801,0.04816188816021087,-0.0083620715964232,-0.158248644469537,0.0333645916854633,0.008087645957728531,0.0412305063020722,0.0169581184321624,0.03880937121697644,0.021396108658684684,0.0715659047212134,-0.0073142694377473,0.7360921141096317,0.2563222736450852,0.946409497360149,0.27830846074811,3.0
0,-0.02064618809241528,0.03104389284445849,0.0767743970051169,-0.0637836848048341,-0.00029932530297954285,0.017403653757477006,0.117964211961221,-0.0737022003845332,0.012865187726609585,0.020973712514101638,0.0465966775516017,-0.0779951373841568,0.005229938526917366,0.03914539512949073,0.135451317890968,-0.0292977690969573,0.0026738200149189297,0.014766451890064682,0.0404777164016643,-0.0797652109337647,-0.005172768375637762,0.0384352459976708,0.0278125349691254,-0.134098330637532,-0.01545039698155879,0.04543278925609293,0.172236294646036,-0.198380484430474,-0.16495266269830836,0.016388300406154736,-0.124973296304209,-0.242042298654134,-0.008369983802583657,0.013019467818211138,0.0240791039765618,-0.0619017100538143,0.004589644730640255,0.06325091387400057,0.177129428998688,-0.144037191890215,0.030826579848943547,0.35309679806797617,0.728832870469273,-1.42574338002665,-0.014817360998451393,0.08674304390788992,0.236945707571642,-0.48165328938668,-0.0948249650450035,0.11430225478004047,0.23769849747205,-0.440219326354767,-0.07400051435289069,0.11739516346635995,0.211544134851121,-0.403281757052319,0.012933869245498553,0.021188668441298616,0.0459354431796218,-0.0793074332916247,-0.006093112626804273,0.039019010485832735,0.0308186081525112,-0.134576453952656,0.500591482028197,0.31608340892878195,0.902630695516831,0.0016785180211798,1.0
1,0.1269677950833643,0.2196914097480313,0.725079093803725,-0.0186264636168503,0.0017228425230378125,0.18832569071506888,0.472691020437228,-0.430077008372244,-0.004576426963497571,0.022660799947807057,0.0449232459486679,-0.0944649596647033,0.02448798972086775,0.027216971523296742,0.137760551774651,0.0065309610278634,-0.008439405914653272,0.0404638470827433,0.0246996470025737,-0.247800124108605,-0.011686720649134879,0.03213269234367747,0.0262255724763736,-0.125451419619332,-0.03657508414908064,0.07021029433346596,0.087516912340668,-0.261594490391756,-0.1726415472344521,0.07278712042783157,0.0351471500798568,-0.407289854630166,-0.009815541561331092,0.02056349064118,0.0994598223822749,-0.054373811049735,-0.03550423740161677,0.1060720616897739,0.238115583768222,-0.205094556515193,-0.16017193339324912,0.9584811602058382,1.35896888129317,-2.7960549740084,0.013859140262446714,0.1438940995614788,0.250170395011241,-0.304671366517126,-0.12808784514202431,0.32523068416576323,0.530462558875291,-0.580289112013103,-0.2549270265068824,0.21165520423643894,0.232510350861131,-0.571306497390667,-0.004334043563407594,0.02392809481904841,0.0369477421389406,-0.0961638233588672,-0.010530235227120967,0.033336271856834764,0.0511490218817713,-0.148981190425326,0.03262314478084694,0.10956117061768529,0.637063712474949,0.0016785180211798,2.0
2,0.3691485960098436,0.41883689802800617,1.38926358836634,-0.0614947965941343,0.0006788634352189057,0.14947010513240597,0.215592923774936,-0.476683858760338,-0.03452730065633291,0.04901009367479049,0.0350149032054608,-0.163558865118361,0.11598776277130261,0.2097252083294302,0.520905178991058,-0.086977752006592,-0.00032896988008079326,0.10365953326896536,0.122740358694215,-0.534613076164027,-0.021191001016358856,0.04486247478273248,0.0741040274259672,-0.127877641122674,0.014399418853595313,0.07028794275128449,0.176773379721468,-0.3047680084638,-0.16033465395247062,0.04109715420990035,0.0179754020813623,-0.330749432864366,-0.008175723727956137,0.014976815498264849,0.0198878953418582,-0.109551276182338,0.020674382763145843,0.09989046770036214,0.479115166681926,-0.137348551896725,-0.006817939057310995,0.769267733197159,1.00837224443292,-2.61980040894803,-0.02404792076470136,0.11933578645200793,0.430051576281014,-0.393800673441776,0.1197881553040707,0.3625874244763068,0.971587267677847,-0.365489669484542,-0.24917946825658854,0.1300338800807239,-0.0493840347504095,-0.504084393851538,-0.03487548910535451,0.048927464824854515,0.0366476434624266,-0.164967802972503,-0.020513033484353727,0.050618406367368855,0.136539811395611,-0.15167190567746,0.41812074648274183,0.3155495908186783,0.794544307789341,0.0015004933825698,4.0
3,0.07370894459835566,0.24398225754672317,0.850072735780918,-0.065004425183874,-0.0017890628443929175,0.18147080380112515,0.571509954120507,-0.541489913632618,0.01768080427198849,0.02509733572831874,0.0664489679657379,-0.098015279600411,-0.024025263297498576,0.07901676292303535,0.136936552018799,-0.218685466068504,-0.0027838532217938365,0.0949827799242876,0.352590512812688,-0.352203945025992,-0.0056848824491066005,0.05216327336889127,0.109378337961974,-0.13357951597644,-0.01976401279968893,0.05185019910470391,0.138503168838567,-0.19439273252561,-0.16688688973813232,0.06624821264124899,0.087313455610828,-0.374777469201738,-0.010109915614437439,0.028340298213748047,0.0461338134912158,-0.225358846807255,-0.02098520530479514,0.14054965678723183,0.381033763644317,-0.52455214087344,-0.00017975778853085515,0.7709839505356908,1.33522548092085,-2.84900458794926,0.07299002647574884,0.3807984364647155,1.58178960539567,-0.690450758384961,-0.07712343832830915,0.25663514436660023,0.578803877885271,-0.433240760521256,-0.15063789336380665,0.1617276683673667,0.218726157414472,-0.421308023316141,0.017741351487701968,0.026899331398586992,0.0747500025432091,-0.102918586789555,-0.006124575048594125,0.0560607050192461,0.133233639535712,-0.142348501032543,0.48560999530165666,0.3998381566541923,0.960987172053184,0.0011190120141199,2.0
0,0.00413491893944789,0.04288451102825092,0.0660725730155339,-0.0636717836034221,-0.0010595856942791691,0.021273021536496267,0.153243608915474,-0.0448927274391919,-0.0018140286806170238,0.028060974125854884,0.0469781589200517,-0.0880560726747439,0.01565684309756086,0.036552457505060004,0.125970234280424,-0.0465407269508957,0.003382807228139385,0.021403742847853048,0.0501419110690634,-0.0938037252927234,-0.014349379287426715,0.03835378504491451,0.0485956399222795,-0.130792158777632,-0.01221215111409511,0.05868777101893755,0.163446963916949,-0.368307545192826,-0.16612089398887075,0.019058047000269692,-0.127129937640512,-0.247413556321909,-0.012182988982818062,0.015489528035242053,0.0233873510951059,-0.0942106387524033,0.0070351946233168155,0.07410330333028821,0.242703533026114,-0.157221187983846,0.03456729839981281,0.4019721575973471,0.856980091758985,-1.51461327962076,-0.01372476712681795,0.13412619039191523,0.368470310576698,-0.609291868851792,-0.05835041522127616,0.13426404561183172,0.261675873083692,-0.421399578844569,-0.06234147329799969,0.129043986568558,0.21998758913948,-0.38649657684052,-0.0016953032013916596,0.028278036002666623,0.0456760358490758,-0.0892971587267678,-0.015700671068113885,0.038975975445853815,0.0497451704458754,-0.132389294106876,0.5343863914575302,0.2994869426681259,0.920570492670471,0.0016785180211798,1.0
1,0.06541927000759856,0.2108116523767025,0.687500635802281,-0.0634784997100742,0.0008974510837432931,0.16310052661644142,0.437899919634592,-0.449049348429823,0.01561271770085617,0.029800692273489124,0.0518407747632272,-0.0913825902076276,0.003539974678258175,0.07279239159798681,0.126428011922564,-0.121575568915881,-0.0025033798818192322,0.07576717702546582,0.191351054414502,-0.358887498601235,-0.012243612191472074,0.04813825017861394,0.0598061057364625,-0.110354930265206,-0.013911440113287462,0.04974476220983146,0.116163619902137,-0.169733776869004,-0.17140281173752211,0.05848096446864978,0.0599688711203345,-0.32659891557563,-0.008432591768037262,0.02106532176325723,0.0472731711783197,-0.0798059022797327,-0.03152596513062011,0.13117026060171696,0.274758140812403,-0.307707958209988,0.003774467180446765,0.7683650380366742,1.27711823887855,-2.48479669586271,0.007040464957250843,0.2142641935696631,0.498428296761986,-0.624103518784143,0.03554389070304469,0.21425216321450316,0.518753624073,-0.357870214952035,-0.02970451013567976,0.17564189301357291,0.22222561316772,-0.361349325032299,0.016124807944605957,0.03129384664727828,0.0731223487044893,-0.0947701447594633,-0.011965324766080787,0.05195263471016444,0.106540116580706,-0.129683319600004,0.47742328603654044,0.41159806687275036,0.940549943540757,0.0016785180211798,2.0
2,0.7571087054774911,0.20974091492535682,1.02913500371309,0.0946073793755913,0.009377756657031482,0.14507978544834668,0.397473067415387,-0.324696595151626,-0.026283266991906792,0.0667225976433518,0.0685038809371217,-0.239600817896054,0.1657880242462292,0.08841466740898354,0.277586189357178,-0.172551652577288,-0.0023429495703429907,0.10594852289948041,0.386150700399792,-0.396710104678487,-0.015936620322130144,0.033550529217520775,0.0994394767092908,-0.11037527593819,0.0336578468174281,0.03564169364896216,0.115349792982777,-0.097872859889523,-0.15359791427786668,0.044644167542735855,-0.0448927274391919,-0.387432477797784,-0.023196101769056256,0.020745600556116246,0.0118310088401949,-0.0992563656524349,0.015065825518415028,0.09520505578833137,0.17739392274748,-0.201167841629282,-0.062338851370499056,0.3365957948376934,0.684896389660329,-0.752108320362967,-0.004420969413187308,0.2103918894884234,0.316914375235247,-1.00832138025046,0.18795608822465107,0.113288322824597,0.423535874507889,-0.0234382152775658,-0.5689224204956496,0.23735613787389157,0.141646575314595,-0.782942187770216,-0.027083433245120293,0.06847068005627184,0.0628579566840622,-0.267769402142399,-0.014681582951488657,0.03879620848333659,0.152439954832606,-0.124189987894325,0.1006298439050903,0.17753386431858517,0.566301461836604,0.0016785180211798,3.0
3,0.0674629817746368,0.0960892440798059,0.201788384655293,-0.0670186468092898,-0.02796639912106692,0.02650798588996822,0.0290129296751813,-0.0820235806349884,0.01977163435337818,0.0200132073871291,0.0708538061667735,-0.0103152562028871,0.06330338159617618,0.01547624289492934,0.0816166671753085,0.033122755617949,0.0029130643926016885,0.015101839431415885,0.0286975717439294,-0.0466322824793237,-0.05391131030493806,0.021109527785297486,0.0011800490330718,-0.0806705933815526,-0.0014271036335918679,0.017723730670503958,0.0171208838160344,-0.0706503494369335,-0.16350218788647686,0.009338869697067627,-0.145725882747887,-0.194962411369162,-0.02124378912000605,0.007447089094898334,-0.0039979247413556,-0.0393180130415764,0.009733042971514604,0.05799750965793865,0.111891028575498,-0.0802331614123966,0.0590420530527956,0.10220827483220216,0.2198349965921,-0.12747581408124,0.0057589154012384815,0.02722286094085985,0.111311176895454,-0.0303659169286172,0.02993411635109074,0.022798051921497385,0.0685649179560737,-0.0353607796461888,-0.03733485489902,0.11299677647608444,0.123254086937061,-0.237057608773054,0.019434477486786218,0.020109709909482545,0.0735902991831212,-0.010416984567807,-0.054801070182398944,0.019864296105011368,-3.05185094759972e-05,-0.0819727164525284,0.6988393520193806,0.12555312180192066,0.82865891496526,0.281248410494298,1.0
4,0.653734902420699,0.3111966799331418,0.994883063244524,-0.043977172154912,0.0072645860309515555,0.18991861884572167,0.489995015310119,-0.375626901048819,-0.042426904536649136,0.08904693314576918,0.098340810368155,-0.242372915840124,0.15443891720328365,0.08164640393647837,0.274493647063611,-0.0664489679657379,-0.006966122274588152,0.07039379978632371,0.291166926073997,-0.15472375662506,-0.004174677775404119,0.025050977353157217,0.0929390341909034,-0.0450148014770959,0.024685477694602737,0.049902876249871705,0.24263232317067,-0.0574663533433027,-0.1586548312980394,0.05075267454805478,-0.0535192927844071,-0.313130080060223,-0.019539475692007195,0.017149993917293733,0.0089012319304991,-0.119215470849737,-0.023952942638281554,0.08817817936786325,0.284290088605406,-0.212439344462416,-0.07806398568827251,0.5723886393339668,1.58150985239214,-1.11823887854651,-0.0008832201968588802,0.15303375110351866,0.339904985707165,-0.32222459588407,0.16076596735682097,0.1517445981242152,0.491225928525651,-0.175603503524888,-0.49274958327701945,0.2894463335564175,0.124861395102797,-0.756970936206142,-0.041823891487806415,0.09101727070180263,0.100517797377443,-0.254356517227699,-0.004269775630824843,0.03044964889371139,0.0947091077405113,-0.0588396862697226,0.13173723345351812,0.20653012296277454,0.625456506037578,0.0016785180211798,3.0
5,-0.00543945115891082,0.04829316930844872,0.109235918251086,-0.0631733146153142,-0.0038759689922480823,0.028079378280075003,0.144617043570259,-0.0692210659098076,0.015899966003799913,0.02347942965498925,0.0726340525528733,-0.0807265439822586,0.018958322835202632,0.04593137174713232,0.137857193721325,-0.0416831975259662,0.007882528815742241,0.03496350506776262,0.139281390830205,-0.134022034363842,-0.01876876503894185,0.04856905513952918,0.0619678334910123,-0.143381043936481,-0.019379016939665386,0.06352225157308704,0.111056855983154,-0.301655120497248,-0.16754874622156007,0.024658472245445262,-0.0895107882930998,-0.246579383729565,-0.009248764414377008,0.0207753147376869,0.0415560370698162,-0.098381501714123,-0.0022700802920692393,0.13687497674833266,0.286787519964192,-0.314127018036439,0.07350028140904645,0.4787635217307795,0.875728629413739,-1.48619546088036,0.01304133980514997,0.18481007986580902,0.740384126305938,-0.416435234636474,-0.08327478037910609,0.17769379216567038,0.30278430534786,-0.428225552130701,-0.0776633964546009,0.18275754957507068,0.266263822341584,-0.405153558966847,0.015764702765095236,0.023824252826618025,0.0708131148208055,-0.0809910377310505,-0.020472951728944526,0.05023259594982524,0.120227668080691,-0.145130771813105,0.508529036232568,0.37484079390314334,0.913230791141494,0.0015920489109978,1.0
6,0.06572677605009102,0.23991720038975203,0.790297148553931,-0.0633259071626942,0.0003635994293038537,0.1796400543929087,0.471526230658895,-0.503896196376436,0.018263261563971865,0.026578809237777237,0.0599739575385805,-0.0970844650613931,-0.04110525325276446,0.07420405144402639,0.143141982278919,-0.241320027263202,-0.01106979455956706,0.10159048937892098,0.368739890743736,-0.314849289427371,0.005987985880102946,0.0472156073230799,0.108935819574572,-0.142287464013591,-0.02500324259163181,0.057751041096282776,0.118198187200537,-0.247108371227149,-0.16576541693370364,0.06558856530958312,0.10371206803593,-0.363912879828283,-0.00823904385509813,0.01944051700509373,0.0309762871181372,-0.0472121341593677,0.0709626078320668,0.21619318295629736,0.490157780693991,-0.440341400392671,-0.10858755887529115,0.7698331143451248,1.23661000396741,-2.64309620451471,-0.4163631505528936,0.48264446546816064,0.0126855271055228,-1.68787194433424,-0.10120986816003905,0.26890098343221286,0.564872178309478,-0.406257311726229,-0.16673588963998326,0.1486287765684002,0.242703533026114,-0.389767143772698,0.018193164362519183,0.027966687359548555,0.065482548498998,-0.100980661437829,0.007271988586077444,0.053537106754152214,0.170115258237454,-0.15258746096174,0.41346222317168696,0.3846590030216868,0.901720226650797,0.0016530859299498,2.0
7,-0.022681834964278388,0.0032859810811888958,-0.0175735750399284,-0.0290790531123793,-0.00046076965287288225,0.003778292619299449,0.0073753064566993,-0.0070701213619393,0.01382787680335967,0.0033107289176506987,0.0200862656534522,0.0083773308511612,-0.04757326985483362,0.014016126403030318,-0.0333211259295429,-0.0744651631214332,0.008330954684800627,0.007794293885677568,0.0202286853643401,-0.0068768374685913,0.01942203927073928,0.005377318170431881,0.032527644683167,0.0120039470605589,-0.05062063278633397,0.03448868770765239,0.0015157526373078,-0.123345642465489,-0.14839355951737665,0.009642177205539228,-0.1257464318776,-0.168757184565772,-0.013391641638496871,0.027432779764015622,0.0309355957721692,-0.0661743013804539,0.17465623292683874,0.11031707033327853,0.400570696127201,-0.0002238024028239,-0.06082608219532202,0.10185389298027522,0.098259427676219,-0.184270760216071,-0.8295062524048278,0.418647649116495,-0.0844854070660522,-1.55646432894884,-0.17787025085616384,0.05456589678344208,-0.115268410290841,-0.28204697815892,-0.15497149511374736,0.0513812800349111,-0.0955331074963632,-0.252749209061963,0.014050781602963754,0.003427193011128877,0.021698660237434,0.0070802941984313,0.01947410025749244,0.006423648845114085,0.0317697683645131,0.010457675913775,0.03794108970227694,0.06408841166023277,0.220613218583738,0.0016785180211798,1.0
8,-0.020801909287275665,0.020046800116679465,0.010711996826075,-0.0422681356242561,-0.0011822069074793123,0.008893411763154589,0.0227312031413719,-0.0337483850622069,0.013435234328205927,0.012764055203530975,0.0270241401409955,-0.0081128371023692,-0.05788467271056463,0.004617322591401053,-0.0393892228970204,-0.0605792413098544,-0.0019948007557493395,0.005161445962489594,0.0001525925473799,-0.0165105136265145,0.05182119975967445,0.0034527438516448526,0.0572323781039867,0.0353404339732048,-0.050281248102226526,0.00917262463721688,-0.0368765322834966,-0.0699179052095096,-0.1534042164249386,0.0038366395952601066,-0.140863266904711,-0.159255755282245,-0.007304404869027794,0.0050826837523254426,0.0014750612913398,-0.0206813765882341,0.022120832951851972,0.03382347168847672,0.0919370097964416,-0.0190130314035463,0.06072582263567101,0.0771256445180557,0.191763054292428,-0.10579749951679,-0.11071791556730676,0.16290184432041374,0.0614439324116743,-0.486012349823501,-0.2597695451786458,0.020649996821099786,-0.207317321288695,-0.294986826176743,-0.23878452483451415,0.02978996148460384,-0.164906765953551,-0.268445895769117,0.013482399297396107,0.012961683215760902,0.0275327819655955,-0.0081433556118452,0.05208261083074157,0.0027569448765052567,0.0581784518977426,0.0398520869574063,0.4875302603352165,0.08059506744044191,0.687271746981211,0.296507665232297,3.0
0,-0.008214083268617613,0.026462475636817112,0.0962401196325571,-0.0634784997100742,5.584171713450503e-06,0.014811944873830635,0.121453494877977,-0.0794447665842667,0.0054054471090743015,0.01778444177405648,0.0464389985859757,-0.0946073793755913,-0.006068874707270416,0.030134414062043438,0.124835963011567,-0.0409812718080182,0.001457857687119405,0.013950496245987567,0.0594907478052105,-0.0852280241299682,0.00495849560485244,0.029490462007238896,0.043020925524664,-0.140034180730613,-0.018184334099344803,0.04222780915695757,0.191381572923978,-0.354920092369355,-0.16176256618293414,0.013043956141836982,-0.119886878058209,-0.244911038544877,-0.009097782330977596,0.01184167704982834,0.0149235511337626,-0.103895179092786,0.0011099124585421945,0.05247021267630639,0.196666361481572,-0.181941180659403,0.021244055773649375,0.26832777947799696,0.834172592343923,-1.6664377778456,0.002671365086084756,0.12394602065635209,0.91018402661214,-0.505528936633401,-0.10276414322146726,0.09614538773196299,0.281034780927966,-0.41715241960916,-0.09439771628220345,0.09488474073810414,0.209423098442539,-0.376812036500137,0.005317593622060832,0.017962416709659364,0.0463779615670237,-0.0953652556942452,0.004762271855087053,0.030216717577403785,0.0452436902981658,-0.142679118218533,0.47144570348073084,0.2947955759868083,0.900753807184057,0.0015666168197678,1.0
1,0.18055996378470213,0.2850270272938185,0.849706513667206,-0.0102033550014751,0.001986754966887427,0.24085973555666845,0.515966266874193,-0.532471694082461,-0.0039919481999166374,0.028097715501730246,0.0407879879146702,-0.100207525864437,0.01185822117781101,0.05979367809825256,0.127160456149988,-0.176417330444248,-0.008417132073936165,0.10880316334292309,0.304478082623778,-0.310393587043875,-0.017816960152999446,0.047711952131144396,0.0939919227678254,-0.137999613432213,-0.02117781100904363,0.06793352358860276,0.131300800602232,-0.19093396811833,-0.16950844854070662,0.08323238479929407,0.0709555345316935,-0.355815301980651,-0.017001352987253443,0.015419978115463648,0.0414339630319122,-0.0389924822738324,-0.023949527471744995,0.09233331481617264,0.183858760338145,-0.180934069846695,-0.15583297728405562,1.0336118192836175,1.25523138116601,-2.84548987294127,-0.011205760877305357,0.16305220180817992,0.300836207159642,-0.278923917355876,-0.03619635100355033,0.30790607896354083,0.552023885820083,-0.454222235786004,-0.2166062654499954,0.18185772041761833,0.194484288054038,-0.45272682882168,-0.004106519770907707,0.0302109716301719,0.0496434420809554,-0.105838190862758,-0.0153111362041078,0.056311126793463034,0.157760348317921,-0.149698375398012,0.05813089388714251,0.15697047194276265,0.769692068239387,0.0016785180211798,2.0
2,0.4474148517118798,0.3767828822837036,1.21548610899177,-0.0039165420494196,0.0005561760497909877,0.1491778709232667,0.199387595243182,-0.410036520483006,-0.0421380477331444,0.046225638547706,0.0261136712749616,-0.153131707714062,0.15220941932937004,0.20717896626271134,0.519577623828852,-0.0559302550330109,-0.0008351971945805517,0.1155262865259576,0.109571621855322,-0.535925372071495,-0.027406609518745073,0.046896450440039324,0.0847600736513362,-0.126148258919034,0.0232734738750947,0.07178542385044337,0.198929817601042,-0.265806044699444,-0.16145894283444054,0.045720669923138064,-0.0066225165562913,-0.332621234778893,-0.009013499061281372,0.016265790582259562,0.0197658213039542,-0.0777306436353648,0.028133784363237886,0.15198004764467626,0.644042278308461,-0.230414746543779,-0.015357872703271809,0.7744237608375124,0.889533168533382,-2.48985259559923,-0.04258942161130555,0.15204834346532,0.54292428357799,-0.45473596402885,0.17357080246627615,0.37448126899523804,0.93160802026429,-0.406832076988027,-0.2736689886348925,0.10232168433562708,-0.148859116387422,-0.506536047446109,-0.04240210236669211,0.04615209390474514,0.0268562883388775,-0.152195806756798,-0.026330484426814453,0.05343846830519002,0.135502182073428,-0.148487807855464,0.3053592039543206,0.2992319594208754,0.749102247179581,0.0015869624927518,4.0
3,0.02856520081055176,0.2051146692882821,0.747937457401247,-0.064851832636494,-0.0005366171249529975,0.15923934690140093,0.539882605466882,-0.475000254320912,0.023425499231950846,0.02420915915996356,0.0419324320200201,-0.10544145023957,-0.025322237001782218,0.07811226301004352,0.141402427238787,-0.219601021352784,0.003898553497086225,0.0952597132789912,0.338745282347077,-0.366476434624266,-0.007693269626565102,0.05074244133323401,0.105522832931506,-0.134362824386324,-0.02045782230337334,0.056600302442542744,0.134840947701448,-0.276019572537411,-0.16918196251880416,0.06459155358213178,0.163406272570981,-0.386252428764712,-0.012678579802552666,0.01971014021087236,0.0480463067517116,-0.117974384797713,0.0017633743646009066,0.11141938621942152,0.216152429781996,-0.36970122379223,0.10333995312059195,0.7487496523121526,1.19409772026734,-2.66992197434411,-0.02100442617634586,0.1829096506029701,0.491042817468795,-0.673238319040498,-0.08184369511165429,0.24759594170050458,0.571540472629983,-0.410199285866878,-0.11021226243635468,0.16727893701508775,0.24466689046907,-0.357615894039735,0.023545216149204247,0.025589197367198366,0.0493992940051475,-0.10783206681519,-0.008174494416229297,0.056239621779395524,0.17337565233314,-0.139612008016195,0.5488148521427839,0.36605860929136236,0.941699474064353,0.0016785180211798,2.0
4,-0.008031081095332637,0.014600733160913964,0.0243537705618458,-0.0320444349497971,0.00028460609983804323,0.008505216155957066,0.075528224534847,-0.0146641438032167,0.00492178628662441,0.009714138888073412,0.02183090711183,-0.0334838913134149,-0.009869377979579486,0.026086340465222613,0.0662149927264219,-0.0694245226396476,-0.002449600361518387,0.016477127043331,0.0224463637195959,-0.102399772128463,0.010645733395714296,0.022169390934802895,0.0676849675995158,-0.0336008789330729,-0.011158295028870785,0.030985516313284955,0.0954517248044272,-0.134637490971608,-0.1604817220726939,0.011103399741859575,-0.124240852076785,-0.19398581906593,-0.019778700674925695,0.020115320327341476,0.0209255246640421,-0.150791955320902,-0.03165576726566008,0.13734642054879748,0.258954639322082,-0.402066103091525,-0.08483095685606716,0.20768239161868388,0.270577105014191,-0.743018890957366,0.39970544505273037,0.4688027820599473,1.44852036093224,-0.364772484511856,-0.12001151863742973,0.10563733220673625,0.15190079449853,-0.368612730287586,-0.11180311286930075,0.10448194609145219,0.136956897691783,-0.360403251238543,0.004935038972696559,0.009996760136520736,0.02198349965921,-0.0460219122898038,0.010841257179666027,0.02262981059124603,0.0678629922381258,-0.0137892798649047,0.29708761024111585,0.3728914395657458,0.937386191391746,0.0015310118920458,1.0
5,0.00401381979837438,0.01312643615999915,0.0208492283903521,-0.0117496261482589,0.0012533782294516624,0.003680452742339079,0.0140995513779107,-0.0048982207708975,-0.0023581906593015418,0.0077941781664497365,0.0070802941984313,-0.0125075024669128,-0.035365230262154004,0.010903847833139883,-0.010513626514481,-0.0506607257301553,-0.0022984252449110582,0.013254479882190558,0.010717083244321,-0.032141076896471,0.033103045747245714,0.010998503667183667,0.054251737011831,0.0160323903113905,-0.019554734946745207,0.007376289663680031,-0.0096133304849391,-0.0368968779564806,-0.1593566359107908,0.0020867739422933632,-0.156000447604806,-0.165868099002045,-0.010609420724780667,0.004084874172050117,-0.0032247891679637,-0.0163274025696585,0.000452691223893975,0.07061751198268512,0.0824203212581764,-0.115344706564531,0.01945682139550967,0.093303848114121,0.179570909756767,-0.15472375662506,-0.0057169221744099,0.025185071339887333,0.0210170801924701,-0.0527207251197851,-0.11845335584921146,0.025397096465232104,-0.0710928678243355,-0.155196793521938,-0.12233005428903748,0.016746955960138653,-0.0918301950132756,-0.144713685516933,-0.002647268762949175,0.007896321607372815,0.0068666646320993,-0.0144301685639007,0.03324355805129143,0.01117553213842419,0.0573849706513667,0.0159204891099785,0.7594721823786127,0.16574966762077098,0.932070884324676,0.32067323831904,2.0
0,0.0010665321458641147,0.03871734935605187,0.0552791934975229,-0.0631936602882982,-0.0015705662739353636,0.008212357470675705,0.0184331797235023,-0.0308338674072492,0.00034749212652375336,0.024505853348722868,0.0418256172368542,-0.0370189519943846,0.017875947644599384,0.02997385012989813,0.126270332956938,-0.0094403922645751,0.002652118313678781,0.013962033476804383,0.0454573198644978,-0.0480666524246956,-0.016491245077394336,0.03241118231497442,0.0134790083518988,-0.12882371491643,-0.004244705786608569,0.022804122001987105,0.145380006307159,-0.054495885087639,-0.16131952460539856,0.009047275596305453,-0.137262082786543,-0.210364085818049,-0.013331562062979418,0.015198922579003401,0.0139062674845627,-0.119724112674337,0.0007614667315334484,0.05779721943667026,0.183655303608305,-0.158035014903205,0.026562113843614763,0.13348922103355862,0.534628335418765,-0.332183802809737,-0.025627409690644042,0.09284257340821735,0.15190079449853,-0.414705852432834,-0.03913956952146378,0.06068355371437686,0.149072745953754,-0.162500890123193,-0.0400737351125026,0.08375389986655332,0.205287840408541,-0.186162907803583,0.00045376834775781116,0.024615946026508392,0.0417391481266722,-0.0374869024730166,-0.017180484669834614,0.03260949391873648,0.0157882422355825,-0.130415763827428,0.512962108577676,0.24843737105980582,0.924492121138137,0.0016785180211798,1.0
1,0.05376572974842577,0.21036825029747838,0.67866552730898,-0.0646331166519161,0.00956670498435077,0.16954264016259502,0.469593391725415,-0.419807529933571,0.02288693231333692,0.02909081294705858,0.0814284697002065,-0.0921099480168055,-0.00011571601509651937,0.08183097873091011,0.128864406262398,-0.154499954222236,-0.006041562818960836,0.07352095725784526,0.141717785170039,-0.277108066042055,-0.014656514175847653,0.055450705537674116,0.075782545447147,-0.120283618681397,-0.016976429537848038,0.051635884528203536,0.0984832300790429,-0.160008545182653,-0.17748446099225848,0.06154053922502087,0.0205186112043621,-0.350321970274972,-0.011055160510405098,0.016653101056402324,0.021942808313242,-0.0802941984313486,-0.01325173022994006,0.11250855718949151,0.21439252906888,-0.23978392895291,0.04251101209550253,0.8132631812191592,1.25232703634754,-2.59429202144434,-0.0163338453661034,0.14744318786727617,0.52223782057151,-0.467523219499293,-0.05502470303794809,0.28155114231129763,0.52399263486638,-0.439461450036114,-0.10859731844030067,0.21559550534376792,0.239056571143732,-0.430901008128096,0.023440843260326267,0.030131495185736094,0.0830459507024344,-0.0955941445153152,-0.014167200740582486,0.05855439882658024,0.0887020477919858,-0.129734183782464,0.4830083959810514,0.398652888022185,0.910036520483006,0.0016785180211798,2.0
2,0.749607242138269,0.24668918821732758,1.05593025503301,0.0680003255307677,-0.004072781462711845,0.17578418782162838,0.4797204504532,-0.352814315215512,-0.03696012228901106,0.08990761750439324,0.0446078880174159,-0.240033163446964,0.1367175481237547,0.12100709642920034,0.278710287789544,-0.181773328857285,-0.005155900638643002,0.11520958511251035,0.305714082257556,-0.327860347300638,0.002980929002622485,0.02788677804322592,0.107928708761864,-0.0778984954374828,0.034212400764459854,0.0509047776970403,0.193497522914314,-0.0855637277342041,-0.14928176895261816,0.05057767198128292,-0.0797652109337647,-0.3027334411654,-0.014579977976768696,0.027637510652562935,0.0191757967874182,-0.152745139927366,-0.027605815253995553,0.16648565772514437,0.276039918210395,-0.416994740643534,-0.16264762849108236,0.36453562696693054,0.982507807652008,-0.887763094983774,-0.006503513563366124,0.15387812075362528,0.268115278583127,-0.500544246752322,0.14572386737461931,0.16117228976848014,0.443245745211137,-0.232373017568489,-0.6036384589265968,0.24196378514494418,0.075924965158035,-0.823033336385184,-0.03787884458842528,0.0901155775318731,0.0448469496749779,-0.240073854792932,0.005282293333548319,0.03370033474929914,0.129851171402122,-0.0715150405387534,0.15434563421205524,0.2335903165312585,0.681742810347809,0.0013428144169438,3.0
3,0.01719026256090983,0.013359203242968798,0.0490483311461735,0.0044913073112175,-0.003492131310973456,0.009525857444485485,0.0058595538193914,-0.0460982085634938,0.011768547624134046,0.012930853481201043,0.0423444318979461,-0.0067445905941953,-0.020986154769534394,0.04525476159861589,0.0485244300668355,-0.0742566199733472,0.01604459771518091,0.012851615800337913,0.0347097181107008,-0.0117241940570289,0.00845281329793187,0.040606724852385645,0.0627613147373882,-0.0521103549302652,-0.017021596931872496,0.02311170341324483,0.0352488784447768,-0.0808231859289326,-0.1633314004943998,0.019472335903419832,-0.123142185735649,-0.243486841435998,-0.0057452111372213645,0.00949008120994735,0.0021871598457798,-0.0427767774488561,0.04189194413078198,0.07851760745915376,0.251879431541897,-0.06480605487228,0.18852381969664603,0.046284100713032225,0.260500910468866,0.0663116346730959,-0.00027792189296142354,0.03153254684153704,0.128604998931852,-0.0444400362152979,-0.09928484959461249,0.08314820055816291,0.0382295195369325,-0.23718985564745,-0.11638335317036448,0.09475637335479518,0.0242723878699098,-0.28616697693818,0.011127048554948575,0.0128427836228969,0.0410219631539862,-0.0078890346995452,0.006434929451378928,0.04148997984267807,0.0623289691864783,-0.0523087252418592,0.7889390748822493,0.14514271032057638,0.871817173782566,0.227047537664927,1.0
4,0.6603130163941506,0.3109303278139591,1.01974038921272,0.0203660186569821,0.0017211725461200177,0.183242591836158,0.478723512476984,-0.371969766329946,-0.04678639202863672,0.09161624615833067,0.0914334543900876,-0.241243730989512,0.14989638876797487,0.09945333693395858,0.284758039084038,-0.0886511836095258,-0.005646191959282946,0.08592883910569626,0.313648894721315,-0.265063427635528,-0.0005022168752365926,0.027551277187516474,0.113218583737704,-0.0399080375581123,0.022354005072497532,0.05247460002153758,0.179153823460596,-0.163406272570981,-0.1593371379741814,0.047124106079930395,-0.0584429456465346,-0.304645934425896,-0.01413649483675006,0.019468472660192016,0.0145166376740827,-0.129957986185288,-0.006962146518471628,0.06945872739426318,0.17589342936491,-0.144067710399691,-0.07827551503554162,0.5247674572583675,1.47077852717673,-1.0178584144617,0.009243449719506348,0.16412199529170837,0.477589241208126,-0.380306405835139,0.12094083746002475,0.1695332025375225,0.450656656595559,-0.220791243222348,-0.5391821075154596,0.2889321099134804,0.0477512944934436,-0.829742322051658,-0.04655687855971193,0.09419479989639243,0.0920845159255755,-0.272947375916827,-0.0015037950926593722,0.034248029065662315,0.120334482863857,-0.0600095624663025,0.15217911973553477,0.22874961725496354,0.647236548966948,0.0013835057629118,3.0
5,0.0024294005147455252,0.04809128288496915,0.0679443749300617,-0.0591957355469426,-0.012475288484688192,0.014705947212110803,0.011159601631723,-0.032171595405947,0.03318464037327529,0.012298226311560903,0.0637023021128981,0.0129398480178228,0.013530932204826705,0.05863994106626489,0.132989491459904,-0.0484583066296375,0.025617109693695878,0.019481595419191547,0.0571001312295907,-0.0199997965432702,-0.025019667483884542,0.06322343974993665,0.0494552446058535,-0.136870428581601,-0.010483108005005038,0.016553188666822167,0.0131127862381868,-0.0521154413485112,-0.1621812935100693,0.011843712044430332,-0.13571581163976,-0.197607348857082,-0.010866284846203651,0.006215365776568363,0.0044658752199875,-0.0256864121422976,0.03948798418463023,0.0719850942256152,0.209336629332357,-0.0717083244321014,0.2719909173524854,0.12328123863207703,0.557339192887153,0.121016062908821,-0.011687953327026159,0.06934773628682549,0.097445600756859,-0.302489293089592,-0.0414282408113855,0.10484572256742643,0.16950997446618,-0.209835098320465,-0.04371500968114942,0.15111711813723344,0.224870550655639,-0.277682831303852,0.03292438530635497,0.011963182938420818,0.0601621550136825,0.0125736259041108,-0.028044178933411993,0.06261809928303345,0.0487990966521195,-0.137597786390779,0.7847302757177784,0.06288441060632527,0.82921842097232,0.616987619657989,1.0
6,0.033769154603378065,0.1987815126462907,0.679087700023398,-0.0640481785536261,0.0010581162845636175,0.15205705460691793,0.481266721599984,-0.435488957385988,0.018771709115652704,0.02459963059623306,0.0503453677989034,-0.0987477238278349,-0.03192419767403745,0.06655637716028122,0.134942676066368,-0.10391552476577,-0.01018315061788682,0.04245937258776425,0.0905484176152837,-0.261228268278044,0.011338191427915846,0.03539944447321156,0.0525528733176672,-0.120843124688457,-0.03070331600560184,0.0669873494189632,0.0966724651834671,-0.415102593056022,-0.16652876821644183,0.05418978130759416,0.0259102145451216,-0.358704387544379,0.0013885921811578707,0.021545398298382597,0.0451979125339518,-0.0562456129642628,0.10822400359892351,0.1804035921369211,0.351898759931232,-0.330393383587146,-0.17392922418557977,0.74195672561812,1.40396333709728,-2.67021698660237,-0.4752523146028806,0.49250246925297003,0.523555202897224,-1.40542822555213,-0.14145329142124694,0.2655890797285013,0.56851914019186,-0.470493687754957,-0.17501955445236791,0.15070357339322604,0.277993102816858,-0.443881547491887,0.01888897931410213,0.025444225282271443,0.0457574185410118,-0.101646982228055,0.012555823440249834,0.03620960004498373,0.0688192388683737,-0.13551235490992,0.4086158556090195,0.3982142147571548,0.902239041311889,0.0016785180211798,2.0
7,-0.014268806329889637,0.008954672898173706,-0.0009460737937559,-0.0308236945707572,0.0012126722673392962,0.003396206756483957,0.0117496261482589,-0.0042624184901476,0.007984448890090885,0.004819089122721439,0.0158696249275185,0.0001525925473799,-0.03974983241128848,0.0219462598912644,-0.0206966358429721,-0.0904670349233477,0.008050396933556263,0.00892756490541632,0.0264392020427056,-0.0073600472019613,0.0181123845865391,0.004351260600103315,0.0284432508316294,0.0043336283455916,-0.029111500952914152,0.014128137068870816,-0.0034282458978036,-0.0635293638925341,-0.15803992592771887,0.0045227764066673,-0.151097140415662,-0.170140690328684,-0.016919531810985884,0.012471025485889967,0.0089012319304991,-0.0380565813165685,0.14456074218208764,0.1449206736178245,0.348562069561856,-0.0860113325398521,0.011705953108836374,0.06221413044914326,0.164728741314941,-0.121870581174149,-0.31166045597459463,0.22843414101375079,0.0423800368256681,-0.746482741782891,-0.1803396604868439,0.04299068138644833,-0.120019124932605,-0.248959827468693,-0.16584950726638703,0.037665002161019104,-0.107038585568814,-0.221279539373964,0.008192290463246396,0.004605134768914786,0.0172226121809544,0.0006103701895199,0.018257435203416394,0.004721506428618139,0.0316070029806411,0.0089622689494511,0.03053166400594369,0.058597418330080336,0.206890062156031,0.0015157526373078,1.0
8,-0.0187417557637596,0.0005700496075635712,-0.0181839452294483,-0.0193233029165522,0.0001525925473799,0.0,0.0001525925473799,0.0001525925473799,0.011240984323658965,0.0003971642651913913,0.0116072064373709,0.010818811609241,-0.026203531330640895,0.0003966536663379825,-0.0258847824538916,-0.0266477451907915,-0.004184426743708934,0.003968678719216726,0.0001373332926419,-0.0076652322967212,0.02460300505589973,0.0005129722779842824,0.0250404370250557,0.0240384126305938,-0.035364170591686096,0.0023762956359949933,-0.032746360667745,-0.0373851741080966,-0.15615643109768332,0.0007037171928452193,-0.155390077415286,-0.156773583178198,-0.022186956389049967,0.0008805234945069948,-0.021515549180578,-0.0231838943652659,-0.09002790748144307,0.001461337197740375,-0.0890530106509598,-0.0917081209753716,0.02105777153843807,0.004666807450924896,0.0260017700735496,0.0167292296110925,-0.0175261018029657,0.0090937481822833,-0.0071209855443993,-0.0239519435204118,-0.19609329169252265,0.0016643109748052175,-0.195084485407066,-0.198014262316762,-0.177122647107693,0.002161735733229998,-0.175542466505936,-0.179586169011505,0.011352885525070966,0.0003549212118781797,0.0117343668935209,0.011032441175573,0.025711844233527667,0.0027623091382420186,0.0286161890519934,0.0231177709280679,0.259748120568458,0.030779291142712446,0.290948210089419,0.229407635731071,3.0
0,0.0034689725661206133,0.03350685383749287,0.111840164393038,-0.0308236945707572,0.00011105346503763527,0.021987370847971848,0.109744560075686,-0.064994252347382,-0.001703985434758772,0.02321146800253209,0.0223192032634459,-0.0903144423759677,0.025908519072372946,0.03761406121923995,0.123752555925169,-0.0524918362987152,-0.001299579861852905,0.02086041354125939,0.0506505528936633,-0.0775170140690329,-0.020991259555401827,0.036551744054847554,0.0528580584124271,-0.121372112186041,-0.022573806754537358,0.048150485070568544,0.10595009206417,-0.193334757530442,-0.16416400760023914,0.02017600800858574,-0.114108706930754,-0.243588569800918,-0.010014592368790192,0.014502338193982833,0.0176702169866024,-0.0661336100344859,0.0043625926717146555,0.08098657101363176,0.274168116295867,-0.172043010752688,-0.019360779928767557,0.44622611948345847,0.623065889461959,-1.46503087455875,-0.01739399621796543,0.18792048534675668,0.643879512924589,-0.568447930336416,-0.051242767395833,0.13286620969865753,0.258593503626616,-0.384360281177201,-0.05455105859666852,0.12146264454940278,0.162012593971577,-0.381003245134841,-0.0018834582896749112,0.023502464604976733,0.0233364869126459,-0.0910367137668996,-0.021565000469080785,0.037292149546152904,0.0569831436099328,-0.121748507136245,0.3980304187591627,0.39523114722207203,0.87318542029074,0.0012003947060558,1.0
1,0.47003642612626195,0.39203384854940143,1.24938200018311,-0.0283516953032014,-0.0007468188876843496,0.158153862128058,0.215389467045096,-0.429705699840286,-0.04382505876287399,0.049497544801701786,0.0305592008219652,-0.166498814864549,0.16339727919379235,0.193077383233211,0.517746513260292,-0.0372427543972086,0.00023268520570284262,0.10101775221430692,0.10778120263273,-0.512334564246549,-0.031891400105178276,0.04231112098180542,0.0402030498163803,-0.13103630685344,0.02008530734276813,0.07526137833345085,0.163772494684693,-0.269020661030915,-0.16073258576254032,0.04834443669721006,-0.0002136295663319,-0.344218268379772,-0.010109735419266073,0.015526933219125079,0.0252184616636657,-0.0801314330474766,0.02254635975366403,0.13116744869332822,0.590777306436354,-0.190816980498672,-0.018262010692093388,0.8241786735030416,1.02005066072573,-2.53873307494329,-0.028533295177824866,0.13412406899023377,0.540147099215674,-0.357392091636911,0.25554563335416547,0.3975720440593283,1.05386516922514,-0.356242561113315,-0.2143067971207629,0.10396571823364956,-0.0054170354319895,-0.464756207973469,-0.04400072448287714,0.04944189365723737,0.0316273486536251,-0.167546617023225,-0.033910708148840105,0.044366428472455546,0.0423088269702241,-0.15581733654795,0.29724058861506264,0.2910218792692135,0.733939634388256,0.0014140242723878,4.0
2,0.024821721040477734,0.20875518767151807,0.769595426292713,-0.0645771660512101,-7.54485373156675e-05,0.1617204734550953,0.542456333099358,-0.479089734590696,0.025124544583909177,0.024607287185971116,0.0534684286019471,-0.103020315154475,-0.05938920109808504,0.08804174742149314,0.1310871710359,-0.221076082644124,-0.0030486416598968884,0.09092076995117154,0.339172541479741,-0.346263008514664,0.009383836137887486,0.052751910454138566,0.11332539852087,-0.123701691742709,-0.02830858185330674,0.0568175906619132,0.139927365947447,-0.251686147648549,-0.1669350357817413,0.06297448592148301,0.120843124688457,-0.392518896043784,-0.01238276411468951,0.023908801297100803,0.0381990010274565,-0.169489628793196,-0.04139200008138269,0.11843882349846581,0.203741569261757,-0.347911008026368,0.029625358653039027,0.7290642972123547,1.35286517939797,-2.81099887081515,0.12509773189344092,0.3685210888070253,1.44162826420891,-0.731467635120701,-0.1225195233687009,0.2365897928600517,0.549424726096377,-0.43478703166804,-0.1471356683384027,0.15036602846856476,0.223090304269539,-0.386872971790724,0.025164448746101013,0.025995909294553723,0.0645771660512101,-0.105990783410138,0.009508453384914456,0.05737523935379106,0.173090812911364,-0.136285490483311,0.5337261622586797,0.3647497309506369,0.962446974089785,0.0014038514358958,2.0
3,-0.01866893967097477,0.007768881124744285,-0.0003357036042359,-0.0300149540696432,0.000816950158633721,0.0030548594971418893,0.0094353058463291,-0.0077211828974272,0.01097470586671049,0.00460739692967748,0.0168869085767184,0.0004577776421399,-0.010688081736778045,0.02388585416268905,0.0032959990234077,-0.0854467401145461,0.005654490852210592,0.01164186653789536,0.0465051220231737,-0.0077873063346252,0.002411854602682023,0.006409834360693309,0.0194606362091942,-0.0178685872981964,-0.009675795270416303,0.018547183715249837,0.0311187068290251,-0.0449130731121759,-0.15953238504650144,0.00971445154955463,-0.134027120782088,-0.182755007578763,-0.02034942087112675,0.019492996299589633,0.032909126051617,-0.0767540513321329,-0.027837788589539825,0.0978054556424845,0.171859899695832,-0.177831354716636,-0.021545710748422712,0.12184495026722846,0.205003000986765,-0.313872697124139,0.4674268452588422,0.5413339439047863,1.86323638620156,-0.0480971709341716,-0.07674093372718277,0.03916242917142831,-0.0023906165756197,-0.146549882503739,-0.0578667526182115,0.040065133203034745,0.0123396506647949,-0.142328155359559,0.011020929807963608,0.004631798328842419,0.0161188594215725,0.0001831110568559,0.0011755872626806982,0.007325807234115791,0.0229295734529659,-0.022044536678162,0.2963207170529043,0.39091262497438617,0.972314625487025,0.0016785180211798,1.0
4,-0.010608233893856631,0.011074248502259156,0.0092674540442111,-0.0205491297138381,0.001163772494684624,0.002260579608093241,0.0075584175135553,-0.0007019257179479,0.006576128421887872,0.006287881502904894,0.0144250821456547,-0.0047710603147475,-0.014397005116936742,0.005548127741836288,-0.0026652831609037,-0.0208136234626301,-0.0011141290526037804,0.00732946169688536,0.0085146641438032,-0.0201015249081902,0.012071494694865745,0.006836326440836545,0.0225938698487299,0.0024719992675557,-0.01418866542558061,0.005457674854845177,-0.0007019257179479,-0.022227647735018,-0.16024943795078359,0.0018590022994791117,-0.157648447116509,-0.166315703807693,-0.008851588488418192,0.010427096334018868,-0.0010681478316599,-0.0533972187465031,-0.0005688650166326272,0.0710126761747114,0.0660522273425499,-0.166508987701041,0.011532741274249499,0.0714508943041734,0.108025350708538,-0.165003407900225,0.023582262642292563,0.09403061902919413,0.460473443810338,-0.0359202856532487,-0.07579292174036889,0.01953648844142651,-0.0449842829676199,-0.100497451704459,-0.06500564592425306,0.011483558580561768,-0.0369680878119246,-0.0816777041942605,0.0061728771833450494,0.006476981297412343,0.0131839960936308,-0.0051881466109195,0.013729667043061602,0.006624747433097056,0.0290739666941333,0.0028382213812677,0.8391743725903094,0.1447128535618973,0.959888505712048,0.487136448255867,2.0
0,0.005725408015516966,0.02560047823892488,0.032654805139317,-0.0248725852229377,-0.0004676792029922346,0.004388566905696462,0.011383404034547,-0.0250862147892697,-0.00304805308864271,0.015322931111873174,0.0154423657948546,-0.0193182164983062,0.014612262337107437,0.0326558857015953,0.130619220557268,-0.0157170323801386,0.005518017788900032,0.012106489268169764,0.0400097659230323,-0.0182195501571703,-0.015352302282445383,0.03545470100078249,0.0193182164983062,-0.127974283069348,-0.005945141283744125,0.010671845139897366,0.0196437472660502,-0.0632852158167262,-0.16093088235792768,0.006243900483682046,-0.141005686615599,-0.198543249814346,-0.013335232262811827,0.007124894401932958,0.0085757011627552,-0.0359406313262327,0.003521564717890306,0.06183396926721806,0.240475681834366,-0.0535192927844071,0.05002960295419168,0.12591518804794882,0.595751823480941,-0.19429100416069,0.002178072111846971,0.04088312266873837,0.287402976571958,-0.0499588000122074,-0.027673506203734804,0.04873935559805456,0.159276100955229,-0.0938444166386914,-0.033250662082108355,0.058469031708021764,0.174687948240608,-0.0771304462823369,-0.0029609736082712025,0.015338263171092206,0.0152592547379986,-0.0207932777896461,-0.01620912639071149,0.03587044214640464,0.02223782057151,-0.130486973682872,0.4866435404183749,0.24470998142555905,0.915005951109348,0.0970183416241951,1.0
1,0.050108507725358305,0.20435228393351626,0.676330861334066,-0.0639362773522141,0.00856902049401416,0.15957770256690423,0.445061596524959,-0.402274646239611,0.021136041646074254,0.0300351776745435,0.0802535070853806,-0.0946582435580513,-0.0010739934168082664,0.08222646938747502,0.131361837621184,-0.160456149988301,-0.005670976760838279,0.06301083779829125,0.0820642719809565,-0.26054668823308,-0.013144139831255388,0.05585122527300549,0.0787072359385968,-0.128045492924792,-0.023875950913482765,0.057953209838135844,0.0924405652027955,-0.269631031220435,-0.17394806417754055,0.062728396260832,0.0585446740114546,-0.342712688578956,-0.009010855631204018,0.015114471575818482,0.021596931872514,-0.0459913937803278,0.01000870460770277,0.11400770299273573,0.263273008412936,-0.231452375865963,0.03694645155520642,0.7882021032506423,1.27309996846421,-2.63867102064069,-0.02243482438267963,0.11898284592347388,0.264544612974436,-0.405519781080559,-0.020846571306193714,0.23395715794407332,0.489811904253263,-0.482985930967132,-0.07079504664852866,0.1931204399713028,0.226716920478937,-0.481490524002808,0.02183690453035884,0.030986181514578177,0.087008270516068,-0.098096662292347,-0.013031251712870298,0.057774558211971964,0.0790327667063407,-0.138604897203487,0.4985756510577397,0.4169922394375872,0.946256904812769,0.0013529872534358,2.0
2,0.7201125081231825,0.2785349505396886,1.06413464766381,0.0555386008280689,-0.008612081984785934,0.16141081632846385,0.507756787825149,-0.301858577227088,-0.04100308305914092,0.08481272342002946,0.0502843307799514,-0.23800368256681,0.13200427810879725,0.12463609739663806,0.281380657368694,-0.176513972390922,-0.003221858011686369,0.10697024614050926,0.303888058107242,-0.309081291136408,0.002457602117605246,0.02613468581407959,0.101372315642771,-0.0674459059419538,0.031171467642017527,0.0528616656913121,0.148024943795078,-0.087435529648732,-0.1504767698106076,0.04628110543253322,-0.065808079266742,-0.292458876308481,-0.012460345335038916,0.021185023814597977,0.0294503616443373,-0.0911384421318196,-0.0325356622576904,0.12798516113560582,0.202576779483423,-0.294880011393577,-0.14438401664620903,0.38239124484577447,1.09900204474013,-0.837417727184871,-0.020513524786116122,0.13326615311387915,0.376150802128157,-0.403093559577217,0.1275741802374892,0.17008053118779687,0.496200445570238,-0.17490157780694,-0.5923373712597368,0.24143172837439345,0.0580462050233467,-0.837794122135075,-0.04166655890356825,0.08511346109172586,0.0497502568641214,-0.256040121667124,0.0025967458303008933,0.032442880314519494,0.124322234768721,-0.0615253151036103,0.20228918132632748,0.28006420481094013,0.790302234972177,0.0016785180211798,3.0
3,0.010725560608064325,0.013234332792408548,0.043905962299468,0.0013733329264198,-0.002788326040378448,0.0054981044177883475,0.0024058758303577,-0.0202897223832921,0.02007875713127949,0.013743474580829525,0.0443383078503779,-0.0016378266752118,0.007868931236953949,0.04218581899562088,0.0642516352834661,-0.0519984537288532,0.017106351192474417,0.014281589979524051,0.0355489771212907,-0.0158899706005025,-0.017119914974463753,0.03677519495227883,0.0425275429548021,-0.0689006215603097,-0.01488189094622396,0.022339174146895194,0.0151066621906186,-0.0891445661793878,-0.16509496342865268,0.018601304551754846,-0.144708599098687,-0.240577410199286,-0.0037499012992649856,0.009192303889039001,0.0046896776228115,-0.0340688294117049,0.07733075427707216,0.08139476936743067,0.270231228573463,-0.0242164372692038,0.20714850064500637,0.036703070531167864,0.307906328521582,0.137328206223741,0.02217605692138,0.08304129938718088,0.362839645578377,-0.0451419619332458,-0.056899338814070166,0.08052545737115234,0.075787631865393,-0.175013479008352,-0.06753915694313051,0.09104926530164119,0.0699026459547716,-0.218822799361146,0.019225449917914895,0.013991934680157851,0.0460778628905098,-0.0028992584002197,-0.01918596962391024,0.03665833234759954,0.0425733207190161,-0.0694499547308776,0.7705712919647671,0.14285199927473163,0.828358816288746,0.220363984089684,1.0
4,0.7174375516741773,0.2765728849623995,1.03062023784092,0.0137892798649047,0.0061419545474878535,0.14989612361333435,0.482807906328522,-0.30082603432315,-0.04046977322796506,0.07669101904063304,0.0820439263079725,-0.238725953957742,0.15447075957504305,0.0716745450834443,0.277871028778954,-0.0470391959390037,-0.004491795049953529,0.06526620266218901,0.308547217220578,-0.12849309773044,-0.004332722545082025,0.0244625205474554,0.108666239407534,-0.0531022064882351,0.029849749992091668,0.08259926427758008,0.550767540513321,-0.127923418886888,-0.15704420849966963,0.0458918447702746,-0.0018412834050518,-0.295999023407697,-0.015938883828018856,0.031137002683942854,0.0362458164209927,-0.197220781070386,-0.006678885218771019,0.13300336612850547,0.314991709138259,-0.320449435916217,-0.04780125287539408,0.44022986186192414,1.45477665537482,-1.00847397279784,0.007876283815449116,0.22168045180290596,0.697663299457788,-0.425641651661733,0.15259819121393017,0.16566798352354326,0.49870296334727,-0.148309783216854,-0.564637436623577,0.26501880699576214,0.0721406699830114,-0.822336497085482,-0.04000990527695688,0.07761130407957081,0.0813470870082705,-0.249270098981699,-0.0035219614120621497,0.02828704228069093,0.113361003448592,-0.0575172175257627,0.10980845385009112,0.19576912613053848,0.61169774468215,0.0009002960295419,3.0
5,0.009190627013834623,0.04781865185870307,0.154408398693808,-0.0455030976287118,-0.0040533445853751056,0.021401587835396325,0.123508407849361,-0.0581682790612506,0.005137415117631159,0.017580482484764987,0.0363119398581907,-0.0696584978789636,-0.004743549426495284,0.04394486070476166,0.125425987528102,-0.0557217118849249,0.0010666440210480247,0.02015751301085667,0.0514440341400393,-0.0956551815342672,0.004513156794813443,0.04056439341568102,0.054572181361329,-0.12694174016541,-0.024746795888227934,0.04821312970596061,0.0887376527197078,-0.259865108188116,-0.16341069554336882,0.019047404527351784,-0.10930712810653,-0.244727927488021,-0.007060390822686135,0.02037743907549015,0.0556148971017589,-0.0601723278501745,0.08892682324873515,0.15151259163506037,0.276731671091851,-0.348719748527482,-0.05507954052393645,0.3712477244558175,0.694285917742444,-1.43620614235867,-0.38169221154369254,0.3800383991431081,0.524725079093804,-1.04571672719504,-0.14225973197671923,0.1347001538198266,0.261619922482986,-0.446002583900469,-0.15130019907798722,0.1365356340983238,0.230277413251137,-0.422462640257983,0.004978055422497801,0.01800032383128706,0.0364594459873246,-0.0737479781487472,0.004195675836815329,0.04156308631570408,0.0550909960224209,-0.12666198716188,0.3827377137567268,0.34680621072964757,0.805515711945962,0.0016785180211798,1.0
6,-0.00937630339467551,0.0017492089718755496,-0.0065360474461094,-0.0115003916542049,0.00015259254737990004,2.8571235909641123e-20,0.0001525925473799,0.0001525925473799,0.00546840825627405,0.0011143718261484266,0.0068768374685913,0.0038758507034516,-0.03623462630085148,0.00968475903965065,-0.021713919492172,-0.0508438367870113,-0.00928474786624753,0.0036486504219638027,-4.06913459679963e-05,-0.0125939715770948,0.037458927172663546,0.010219474123191944,0.0535040335296691,0.021973326822718,-0.033617155471460096,0.0019522612975119143,-0.0314035462508011,-0.0380565813165685,-0.15708894110944963,0.0015256164897045534,-0.15459659616891,-0.159092989898373,-0.01238848027995645,0.004663941495243104,-0.0057273069449954,-0.0182602415031383,-0.10298013245033114,0.0073409703606146124,-0.0879950356557919,-0.110461745048372,0.01820530818608152,0.015407129232030942,0.0370138655761386,-0.0034028138065736,-0.03682922859380881,0.008852063399395406,-0.0204168828394421,-0.0468662577186397,-0.180408134200059,0.0027089836788536325,-0.1762240465509,-0.184011352885525,-0.17081769259722687,0.0038043963792764495,-0.164520198166855,-0.17594429354737,0.005638803267515039,0.0010692969055914698,0.0068666646320993,0.0038911099581896,0.03875240333262123,0.010014711561473565,0.0549434898932869,0.0196844386120182,0.5085787530137027,0.17654707169075795,0.786619668162074,0.25879187393821,3.0
